{"SeasonId":23,"StartTimeUTC":1703858400,"EndTimeUTC":1704715200,"Hash":2609965724,"Title":"GAMEMODE_SEASONAL","Subtitle":"GAMEMODE_SEASONAL_SUBTITLE","Description":"UI_EXPED11_MAIN_DESC","FinalStageTitle":"^UI_EXPED_STAGE_TITLE_6","MilestoneWithStageLocId":"^UI_MILESTONE_WITH_STAGE","SeasonStartMusicOverride":{"AkEvent":"MUS_STATUS_UPDATE"},"GameMode":{"PresetGameMode":"Normal"},"DifficultySettingPreset":{"DifficultyPresetType":"Normal"},"DifficultyMinimums":{"SettingsLocked":false,"InventoriesAlwaysInRange":false,"AllSlotsUnlocked":false,"WarpDriveRequirements":true,"CraftingIsFree":false,"TutorialEnabled":false,"StartWithAllItemsKnown":false,"BaseAutoPower":false,"DeathConsequences":{"DeathConsequencesDifficulty":"ItemGrave"},"DamageReceived":{"DamageReceivedDifficulty":"Low"},"DamageGiven":{"DamageGivenDifficulty":"Normal"},"ActiveSurvivalBars":{"ActiveSurvivalBarsDifficulty":"HealthAndHazard"},"HazardDrain":{"HazardDrainDifficulty":"Slow"},"EnergyDrain":{"EnergyDrainDifficulty":"Slow"},"SubstanceCollection":{"SubstanceCollectionDifficulty":"Normal"},"InventoryStackLimits":{"InventoryStackLimitsDifficulty":"Normal"},"ChargingRequirements":{"ChargingRequirementsDifficulty":"Low"},"FuelUse":{"FuelUseDifficulty":"Cheap"},"LaunchFuelCost":{"LaunchFuelCostDifficulty":"Low"},"CurrencyCost":{"CurrencyCostDifficulty":"Normal"},"ItemShopAvailability":{"ItemShopAvailabilityDifficulty":"Normal"},"ScannerRecharge":{"ScannerRechargeDifficulty":"Fast"},"ReputationGain":{"ReputationGainDifficulty":"Normal"},"CreatureHostility":{"CreatureHostilityDifficulty":"AttackIfProvoked"},"SpaceCombatTimers":{"CombatTimerDifficultyOption":"Off"},"GroundCombatTimers":{"CombatTimerDifficultyOption":"Off"},"SprintingCost":{"SprintingCostDifficulty":"Low"},"BreakTechOnDamage":{"BreakTechOnDamageProbability":"None"}},"SeasonalUAOverride":"00611f00fd5d13df","UAOverrideValue":"0x611F00FD5D13DF","FinalReward":"^RS_S11_COMPLETE","FinalRewardSwitchAlt":"^","FinalCantRewardMessage":"^INTRCT_NOROOM_L","FinalRewardDescription":"","MainIcon":{"Filename":"TEXTURES\/UI\/FRONTEND\/ICONS\/EXPEDITION\/PATCH.EXPEDITION.11.DDS"},"SeasonNumber":23,"RemixNumber":19,"DisplayNumber":11,"SeasonName":"^UI_SEASON_11_NAME","SeasonNameUpper":"^UI_SEASON_11_NAME_U","MainMissionTitle":"^UI_SEASON_11_MAIN_TITLE","MainMissionMessage":"^UI_SEASON_11_MAIN_MSG","DoCommunityMissionTextSubstitutions":true,"CommunityProgressTitle":"^","DefaultToPvPOff":false,"MustCraftInBases":false,"AdditionalTradeProducts":[],"NeverTradeProducts":[],"StartingSuitSlots":32,"StartingSuitTechSlots":19,"StartingSuitCargoSlots":0,"WeaponSeed":[false,"0x0"],"ShipSeed":[false,"0x0"],"ShipType":{"ShipClass":"Scientific"},"StartWithFreighter":true,"FreighterBaseOverrideFilename":"metadata\/simulation\/freighterbases\/fishparadise.mxml","FreighterRace":{"AlienRace":"None"},"StartAboardFreighter":true,"ForceStartSystemTernary":false,"ForceStartSystemAbandoned":false,"ValidSpawnBuildings":[{"BuildingClass":"GameStartSpawn"},{"BuildingClass":"TreasureRuins"},{"BuildingClass":"Ruin"},{"BuildingClass":"Debris"},{"BuildingClass":"Beacon"},{"BuildingClass":"RadioTower"}],"WeaponInventoryLayout":{"Slots":13,"Seed":[true,"0x1"],"Level":1},"ShipInventoryLayout":{"Slots":29,"Seed":[true,"0x1"],"Level":1},"ShipTechInventoryLayout":{"Slots":21,"Seed":[true,"0x1"],"Level":1},"UseDefaultAppearance":false,"Inventory":{"Slots":[],"ValidSlotIndices":[],"Class":{"InventoryClass":"C"},"StackSizeGroup":{"InventoryStackSizeGroup":"Default"},"BaseStatValues":[],"SpecialSlots":[],"Width":0,"Height":0,"IsCool":false,"Name":"","Version":0},"Inventory_TechOnly":{"Slots":[],"ValidSlotIndices":[],"Class":{"InventoryClass":"C"},"StackSizeGroup":{"InventoryStackSizeGroup":"Default"},"BaseStatValues":[],"SpecialSlots":[],"Width":0,"Height":0,"IsCool":false,"Name":"","Version":0},"Inventory_Cargo":{"Slots":[],"ValidSlotIndices":[],"Class":{"InventoryClass":"C"},"StackSizeGroup":{"InventoryStackSizeGroup":"Default"},"BaseStatValues":[],"SpecialSlots":[],"Width":0,"Height":0,"IsCool":false,"Name":"","Version":0},"ShipInventory":{"Slots":[],"ValidSlotIndices":[],"Class":{"InventoryClass":"B"},"StackSizeGroup":{"InventoryStackSizeGroup":"Default"},"BaseStatValues":[],"SpecialSlots":[],"Width":0,"Height":0,"IsCool":false,"Name":"","Version":0},"WeaponInventory":{"Slots":[],"ValidSlotIndices":[],"Class":{"InventoryClass":"C"},"StackSizeGroup":{"InventoryStackSizeGroup":"Default"},"BaseStatValues":[],"SpecialSlots":[],"Width":0,"Height":0,"IsCool":false,"Name":"","Version":0},"UseRandomPet":false,"RandomPetConstraints":[],"SpecificPets":[{"Scale":1,"CreatureID":"^","Descriptors":[],"CreatureSeed":[false,"0x0"],"CreatureSecondarySeed":[false,"0x0"],"SpeciesSeed":0,"GenusSeed":0,"CustomSpeciesName":"^","Predator":false,"UA":0,"AllowUnmodifiedReroll":true,"ColourBaseSeed":[false,"0x0"],"BoneScaleSeed":[false,"0x0"],"HasFur":false,"Biome":{"Biome":"Lush"},"CreatureType":{"CreatureType":"None"},"BirthTime":0,"LastEggTime":0,"LastTrustIncreaseTime":0,"LastTrustDecreaseTime":0,"EggModified":false,"HasBeenSummoned":true,"CustomName":"","Trust":0,"SenderData":{"LID":"","UID":"","USN":"","PTK":"","TS":0},"Traits":[0,0,0],"Moods":[0,0]},{"Scale":1,"CreatureID":"^","Descriptors":[],"CreatureSeed":[false,"0x0"],"CreatureSecondarySeed":[false,"0x0"],"SpeciesSeed":0,"GenusSeed":0,"CustomSpeciesName":"^","Predator":false,"UA":0,"AllowUnmodifiedReroll":true,"ColourBaseSeed":[false,"0x0"],"BoneScaleSeed":[false,"0x0"],"HasFur":false,"Biome":{"Biome":"Lush"},"CreatureType":{"CreatureType":"None"},"BirthTime":0,"LastEggTime":0,"LastTrustIncreaseTime":0,"LastTrustDecreaseTime":0,"EggModified":false,"HasBeenSummoned":true,"CustomName":"","Trust":0,"SenderData":{"LID":"","UID":"","USN":"","PTK":"","TS":0},"Traits":[0,0,0],"Moods":[0,0]},{"Scale":1,"CreatureID":"^","Descriptors":[],"CreatureSeed":[false,"0x0"],"CreatureSecondarySeed":[false,"0x0"],"SpeciesSeed":0,"GenusSeed":0,"CustomSpeciesName":"^","Predator":false,"UA":0,"AllowUnmodifiedReroll":true,"ColourBaseSeed":[false,"0x0"],"BoneScaleSeed":[false,"0x0"],"HasFur":false,"Biome":{"Biome":"Lush"},"CreatureType":{"CreatureType":"None"},"BirthTime":0,"LastEggTime":0,"LastTrustIncreaseTime":0,"LastTrustDecreaseTime":0,"EggModified":false,"HasBeenSummoned":true,"CustomName":"","Trust":0,"SenderData":{"LID":"","UID":"","USN":"","PTK":"","TS":0},"Traits":[0,0,0],"Moods":[0,0]},{"Scale":1,"CreatureID":"^","Descriptors":[],"CreatureSeed":[false,"0x0"],"CreatureSecondarySeed":[false,"0x0"],"SpeciesSeed":0,"GenusSeed":0,"CustomSpeciesName":"^","Predator":false,"UA":0,"AllowUnmodifiedReroll":true,"ColourBaseSeed":[false,"0x0"],"BoneScaleSeed":[false,"0x0"],"HasFur":false,"Biome":{"Biome":"Lush"},"CreatureType":{"CreatureType":"None"},"BirthTime":0,"LastEggTime":0,"LastTrustIncreaseTime":0,"LastTrustDecreaseTime":0,"EggModified":false,"HasBeenSummoned":true,"CustomName":"","Trust":0,"SenderData":{"LID":"","UID":"","USN":"","PTK":"","TS":0},"Traits":[0,0,0],"Moods":[0,0]},{"Scale":1,"CreatureID":"^","Descriptors":[],"CreatureSeed":[false,"0x0"],"CreatureSecondarySeed":[false,"0x0"],"SpeciesSeed":0,"GenusSeed":0,"CustomSpeciesName":"^","Predator":false,"UA":0,"AllowUnmodifiedReroll":true,"ColourBaseSeed":[false,"0x0"],"BoneScaleSeed":[false,"0x0"],"HasFur":false,"Biome":{"Biome":"Lush"},"CreatureType":{"CreatureType":"None"},"BirthTime":0,"LastEggTime":0,"LastTrustIncreaseTime":0,"LastTrustDecreaseTime":0,"EggModified":false,"HasBeenSummoned":true,"CustomName":"","Trust":0,"SenderData":{"LID":"","UID":"","USN":"","PTK":"","TS":0},"Traits":[0,0,0],"Moods":[0,0]},{"Scale":1,"CreatureID":"^","Descriptors":[],"CreatureSeed":[false,"0x0"],"CreatureSecondarySeed":[false,"0x0"],"SpeciesSeed":0,"GenusSeed":0,"CustomSpeciesName":"^","Predator":false,"UA":0,"AllowUnmodifiedReroll":true,"ColourBaseSeed":[false,"0x0"],"BoneScaleSeed":[false,"0x0"],"HasFur":false,"Biome":{"Biome":"Lush"},"CreatureType":{"CreatureType":"None"},"BirthTime":0,"LastEggTime":0,"LastTrustIncreaseTime":0,"LastTrustDecreaseTime":0,"EggModified":false,"HasBeenSummoned":true,"CustomName":"","Trust":0,"SenderData":{"LID":"","UID":"","USN":"","PTK":"","TS":0},"Traits":[0,0,0],"Moods":[0,0]},{"Scale":1,"CreatureID":"^","Descriptors":[],"CreatureSeed":[false,"0x0"],"CreatureSecondarySeed":[false,"0x0"],"SpeciesSeed":0,"GenusSeed":0,"CustomSpeciesName":"^","Predator":false,"UA":0,"AllowUnmodifiedReroll":true,"ColourBaseSeed":[false,"0x0"],"BoneScaleSeed":[false,"0x0"],"HasFur":false,"Biome":{"Biome":"Lush"},"CreatureType":{"CreatureType":"None"},"BirthTime":0,"LastEggTime":0,"LastTrustIncreaseTime":0,"LastTrustDecreaseTime":0,"EggModified":false,"HasBeenSummoned":true,"CustomName":"","Trust":0,"SenderData":{"LID":"","UID":"","USN":"","PTK":"","TS":0},"Traits":[0,0,0],"Moods":[0,0]},{"Scale":1,"CreatureID":"^","Descriptors":[],"CreatureSeed":[false,"0x0"],"CreatureSecondarySeed":[false,"0x0"],"SpeciesSeed":0,"GenusSeed":0,"CustomSpeciesName":"^","Predator":false,"UA":0,"AllowUnmodifiedReroll":true,"ColourBaseSeed":[false,"0x0"],"BoneScaleSeed":[false,"0x0"],"HasFur":false,"Biome":{"Biome":"Lush"},"CreatureType":{"CreatureType":"None"},"BirthTime":0,"LastEggTime":0,"LastTrustIncreaseTime":0,"LastTrustDecreaseTime":0,"EggModified":false,"HasBeenSummoned":true,"CustomName":"","Trust":0,"SenderData":{"LID":"","UID":"","USN":"","PTK":"","TS":0},"Traits":[0,0,0],"Moods":[0,0]},{"Scale":1,"CreatureID":"^","Descriptors":[],"CreatureSeed":[false,"0x0"],"CreatureSecondarySeed":[false,"0x0"],"SpeciesSeed":0,"GenusSeed":0,"CustomSpeciesName":"^","Predator":false,"UA":0,"AllowUnmodifiedReroll":true,"ColourBaseSeed":[false,"0x0"],"BoneScaleSeed":[false,"0x0"],"HasFur":false,"Biome":{"Biome":"Lush"},"CreatureType":{"CreatureType":"None"},"BirthTime":0,"LastEggTime":0,"LastTrustIncreaseTime":0,"LastTrustDecreaseTime":0,"EggModified":false,"HasBeenSummoned":true,"CustomName":"","Trust":0,"SenderData":{"LID":"","UID":"","USN":"","PTK":"","TS":0},"Traits":[0,0,0],"Moods":[0,0]},{"Scale":1,"CreatureID":"^","Descriptors":[],"CreatureSeed":[false,"0x0"],"CreatureSecondarySeed":[false,"0x0"],"SpeciesSeed":0,"GenusSeed":0,"CustomSpeciesName":"^","Predator":false,"UA":0,"AllowUnmodifiedReroll":true,"ColourBaseSeed":[false,"0x0"],"BoneScaleSeed":[false,"0x0"],"HasFur":false,"Biome":{"Biome":"Lush"},"CreatureType":{"CreatureType":"None"},"BirthTime":0,"LastEggTime":0,"LastTrustIncreaseTime":0,"LastTrustDecreaseTime":0,"EggModified":false,"HasBeenSummoned":true,"CustomName":"","Trust":0,"SenderData":{"LID":"","UID":"","USN":"","PTK":"","TS":0},"Traits":[0,0,0],"Moods":[0,0]},{"Scale":1,"CreatureID":"^","Descriptors":[],"CreatureSeed":[false,"0x0"],"CreatureSecondarySeed":[false,"0x0"],"SpeciesSeed":0,"GenusSeed":0,"CustomSpeciesName":"^","Predator":false,"UA":0,"AllowUnmodifiedReroll":true,"ColourBaseSeed":[false,"0x0"],"BoneScaleSeed":[false,"0x0"],"HasFur":false,"Biome":{"Biome":"Lush"},"CreatureType":{"CreatureType":"None"},"BirthTime":0,"LastEggTime":0,"LastTrustIncreaseTime":0,"LastTrustDecreaseTime":0,"EggModified":false,"HasBeenSummoned":true,"CustomName":"","Trust":0,"SenderData":{"LID":"","UID":"","USN":"","PTK":"","TS":0},"Traits":[0,0,0],"Moods":[0,0]},{"Scale":1,"CreatureID":"^","Descriptors":[],"CreatureSeed":[false,"0x0"],"CreatureSecondarySeed":[false,"0x0"],"SpeciesSeed":0,"GenusSeed":0,"CustomSpeciesName":"^","Predator":false,"UA":0,"AllowUnmodifiedReroll":true,"ColourBaseSeed":[false,"0x0"],"BoneScaleSeed":[false,"0x0"],"HasFur":false,"Biome":{"Biome":"Lush"},"CreatureType":{"CreatureType":"None"},"BirthTime":0,"LastEggTime":0,"LastTrustIncreaseTime":0,"LastTrustDecreaseTime":0,"EggModified":false,"HasBeenSummoned":true,"CustomName":"","Trust":0,"SenderData":{"LID":"","UID":"","USN":"","PTK":"","TS":0},"Traits":[0,0,0],"Moods":[0,0]},{"Scale":1,"CreatureID":"^","Descriptors":[],"CreatureSeed":[false,"0x0"],"CreatureSecondarySeed":[false,"0x0"],"SpeciesSeed":0,"GenusSeed":0,"CustomSpeciesName":"^","Predator":false,"UA":0,"AllowUnmodifiedReroll":true,"ColourBaseSeed":[false,"0x0"],"BoneScaleSeed":[false,"0x0"],"HasFur":false,"Biome":{"Biome":"Lush"},"CreatureType":{"CreatureType":"None"},"BirthTime":0,"LastEggTime":0,"LastTrustIncreaseTime":0,"LastTrustDecreaseTime":0,"EggModified":false,"HasBeenSummoned":true,"CustomName":"","Trust":0,"SenderData":{"LID":"","UID":"","USN":"","PTK":"","TS":0},"Traits":[0,0,0],"Moods":[0,0]},{"Scale":1,"CreatureID":"^","Descriptors":[],"CreatureSeed":[false,"0x0"],"CreatureSecondarySeed":[false,"0x0"],"SpeciesSeed":0,"GenusSeed":0,"CustomSpeciesName":"^","Predator":false,"UA":0,"AllowUnmodifiedReroll":true,"ColourBaseSeed":[false,"0x0"],"BoneScaleSeed":[false,"0x0"],"HasFur":false,"Biome":{"Biome":"Lush"},"CreatureType":{"CreatureType":"None"},"BirthTime":0,"LastEggTime":0,"LastTrustIncreaseTime":0,"LastTrustDecreaseTime":0,"EggModified":false,"HasBeenSummoned":true,"CustomName":"","Trust":0,"SenderData":{"LID":"","UID":"","USN":"","PTK":"","TS":0},"Traits":[0,0,0],"Moods":[0,0]},{"Scale":1,"CreatureID":"^","Descriptors":[],"CreatureSeed":[false,"0x0"],"CreatureSecondarySeed":[false,"0x0"],"SpeciesSeed":0,"GenusSeed":0,"CustomSpeciesName":"^","Predator":false,"UA":0,"AllowUnmodifiedReroll":true,"ColourBaseSeed":[false,"0x0"],"BoneScaleSeed":[false,"0x0"],"HasFur":false,"Biome":{"Biome":"Lush"},"CreatureType":{"CreatureType":"None"},"BirthTime":0,"LastEggTime":0,"LastTrustIncreaseTime":0,"LastTrustDecreaseTime":0,"EggModified":false,"HasBeenSummoned":true,"CustomName":"","Trust":0,"SenderData":{"LID":"","UID":"","USN":"","PTK":"","TS":0},"Traits":[0,0,0],"Moods":[0,0]},{"Scale":1,"CreatureID":"^","Descriptors":[],"CreatureSeed":[false,"0x0"],"CreatureSecondarySeed":[false,"0x0"],"SpeciesSeed":0,"GenusSeed":0,"CustomSpeciesName":"^","Predator":false,"UA":0,"AllowUnmodifiedReroll":true,"ColourBaseSeed":[false,"0x0"],"BoneScaleSeed":[false,"0x0"],"HasFur":false,"Biome":{"Biome":"Lush"},"CreatureType":{"CreatureType":"None"},"BirthTime":0,"LastEggTime":0,"LastTrustIncreaseTime":0,"LastTrustDecreaseTime":0,"EggModified":false,"HasBeenSummoned":true,"CustomName":"","Trust":0,"SenderData":{"LID":"","UID":"","USN":"","PTK":"","TS":0},"Traits":[0,0,0],"Moods":[0,0]},{"Scale":1,"CreatureID":"^","Descriptors":[],"CreatureSeed":[false,"0x0"],"CreatureSecondarySeed":[false,"0x0"],"SpeciesSeed":0,"GenusSeed":0,"CustomSpeciesName":"^","Predator":false,"UA":0,"AllowUnmodifiedReroll":true,"ColourBaseSeed":[false,"0x0"],"BoneScaleSeed":[false,"0x0"],"HasFur":false,"Biome":{"Biome":"Lush"},"CreatureType":{"CreatureType":"None"},"BirthTime":0,"LastEggTime":0,"LastTrustIncreaseTime":0,"LastTrustDecreaseTime":0,"EggModified":false,"HasBeenSummoned":true,"CustomName":"","Trust":0,"SenderData":{"LID":"","UID":"","USN":"","PTK":"","TS":0},"Traits":[0,0,0],"Moods":[0,0]},{"Scale":1,"CreatureID":"^","Descriptors":[],"CreatureSeed":[false,"0x0"],"CreatureSecondarySeed":[false,"0x0"],"SpeciesSeed":0,"GenusSeed":0,"CustomSpeciesName":"^","Predator":false,"UA":0,"AllowUnmodifiedReroll":true,"ColourBaseSeed":[false,"0x0"],"BoneScaleSeed":[false,"0x0"],"HasFur":false,"Biome":{"Biome":"Lush"},"CreatureType":{"CreatureType":"None"},"BirthTime":0,"LastEggTime":0,"LastTrustIncreaseTime":0,"LastTrustDecreaseTime":0,"EggModified":false,"HasBeenSummoned":true,"CustomName":"","Trust":0,"SenderData":{"LID":"","UID":"","USN":"","PTK":"","TS":0},"Traits":[0,0,0],"Moods":[0,0]}],"SandwormOverrides":[],"SandwormGlobalOverride":false,"SandwormGlobalOverrideTimer":60,"SandwormGlobalOverrideSpawnChance":1,"StartNextToShip":false,"ShipIsAtDifferentBuildingToPlayer":false,"DistanceFromShipAtStartOfGame":1,"BuildingRadiusShipOffsetMultiplier":0.8500000238418579,"ShipStartsDamaged":false,"BlockStormsAtStart":false,"AllowMissionDetailMessages":true,"UseStartPlanetObjectListOverrides":false,"StartPlanetRareSubstanceOverride":"^","TrashInventoryOnGalaxyTravel":true,"FreighterBattleEarlyWarpsOverride":-1,"ForceDeepSpaceAmbientFrigatesOnInfested":false,"TechCostMultiplier":1,"NeverLearnableTech":[],"ForgottenProducts":[],"IncreaseXClassTechOddsWithCommTier":false,"AbandonedFreighterHazardProtectionMul":1,"HazardProtectionDrainMultiplier":1,"EnergyDrainMultiplier":1,"QuestSubstanceReducer":5,"Stages":[{"Milestones":[{"Mission":"^VISIT_PLANET","Title":"^UI_EXPED_VISIT_PLANET_NAME","TitleUpper":"^UI_EXPED_VISIT_PLANET_NAME_U","Description":"^UI_EXPED_VISIT_PLANET_DESC","DescriptionDone":"^UI_EXPED_VISIT_PLANET_DESC_D","CantRewardMessage":"^INTRCT_NOROOM_L","IdToUseInMissionData":"^","Amount":1,"StageIndex":0,"MilestoneIndex":0,"RendezvousIndex":-1,"Icon":{"Filename":"textures\/ui\/frontend\/icons\/expedition\/patch.firstplanet2.dds"},"IconGrey":{"Filename":""},"MissionIcon":{"Filename":"textures\/ui\/frontend\/icons\/missions\/expeditionmissions\/mission.planets.on.dds"},"MissionIconSelected":{"Filename":"textures\/ui\/frontend\/icons\/missions\/expeditionmissions\/mission.planets.on.dds"},"MissionIconNotSelected":{"Filename":"textures\/ui\/frontend\/icons\/missions\/expeditionmissions\/mission.planets.off.dds"},"Reward":"^RS_S11_S1M1","RewardSwitchAlt":"^","RewardDescription":"","CantClaimRewardDescription":"","IsOptional":false,"GreyIfCantStart":false,"IsRendezvous":false,"IsStageControl":false,"Encryption":{"IsEncrypted":false,"TitleUpper":"^","Subtitle":"^","Description":"^","Patch":{"Filename":""},"HoverPopupIcon":{"Filename":""},"DecryptMissionId":"^","DecryptMissionSeed":0}},{"Mission":"^LEAVE_SYSTEM","Title":"^UI_EXPED_LEAVE_SYSTEM_NAME","TitleUpper":"^UI_EXPED_LEAVE_SYSTEM_NAME_U","Description":"^UI_EXPED_LEAVE_SYSTEM_DESC","DescriptionDone":"^UI_EXPED_LEAVE_SYSTEM_DESC_D","CantRewardMessage":"^INTRCT_NOROOM_L","IdToUseInMissionData":"^","Amount":1,"StageIndex":0,"MilestoneIndex":0,"RendezvousIndex":-1,"Icon":{"Filename":"textures\/ui\/frontend\/icons\/expedition\/patch.shipflying.dds"},"IconGrey":{"Filename":""},"MissionIcon":{"Filename":"textures\/ui\/frontend\/icons\/missions\/expeditionmissions\/mission.leavesystem.on.dds"},"MissionIconSelected":{"Filename":"textures\/ui\/frontend\/icons\/missions\/expeditionmissions\/mission.leavesystem.on.dds"},"MissionIconNotSelected":{"Filename":"textures\/ui\/frontend\/icons\/missions\/expeditionmissions\/mission.leavesystem.off.dds"},"Reward":"^RS_S11_S1M2","RewardSwitchAlt":"^","RewardDescription":"","CantClaimRewardDescription":"","IsOptional":false,"GreyIfCantStart":false,"IsRendezvous":false,"IsStageControl":false,"Encryption":{"IsEncrypted":false,"TitleUpper":"^","Subtitle":"^","Description":"^","Patch":{"Filename":""},"HoverPopupIcon":{"Filename":""},"DecryptMissionId":"^","DecryptMissionSeed":0}},{"Mission":"^BUILD_BASE","Title":"^UI_EXPED_BUILD_BASE_NAME","TitleUpper":"^UI_EXPED_BUILD_BASE_NAME_U","Description":"^UI_EXPED_BUILD_BASE_DESC","DescriptionDone":"^UI_EXPED_BUILD_BASE_DESC_D","CantRewardMessage":"^INTRCT_NOROOM_L","IdToUseInMissionData":"^","Amount":1,"StageIndex":0,"MilestoneIndex":0,"RendezvousIndex":-1,"Icon":{"Filename":"TEXTURES\/UI\/FRONTEND\/ICONS\/EXPEDITION\/PATCH.BASESIZE1.DDS"},"IconGrey":{"Filename":""},"MissionIcon":{"Filename":"textures\/ui\/frontend\/icons\/missions\/expeditionmissions\/mission.base.on.dds"},"MissionIconSelected":{"Filename":"textures\/ui\/frontend\/icons\/missions\/expeditionmissions\/mission.base.on.dds"},"MissionIconNotSelected":{"Filename":"textures\/ui\/frontend\/icons\/missions\/expeditionmissions\/mission.base.off.dds"},"Reward":"^RS_S11_S1M3","RewardSwitchAlt":"^","RewardDescription":"","CantClaimRewardDescription":"","IsOptional":false,"GreyIfCantStart":false,"IsRendezvous":false,"IsStageControl":false,"Encryption":{"IsEncrypted":false,"TitleUpper":"^","Subtitle":"^","Description":"^","Patch":{"Filename":""},"HoverPopupIcon":{"Filename":""},"DecryptMissionId":"^","DecryptMissionSeed":0}},{"Mission":"^BASIC_SCAN_CRE","Title":"^UI_EXPED_BASIC_SCAN_CRE_NAME","TitleUpper":"^UI_EXPED_BASIC_SCAN_CRE_NAME_U","Description":"^UI_EXPED_BASIC_SCAN_CRE_DESC","DescriptionDone":"^UI_EXPED_BASIC_SCAN_CRE_DESC_D","CantRewardMessage":"^INTRCT_NOROOM_L","IdToUseInMissionData":"^","Amount":6,"StageIndex":0,"MilestoneIndex":0,"RendezvousIndex":-1,"Icon":{"Filename":"TEXTURES\/UI\/FRONTEND\/ICONS\/EXPEDITION\/PATCH.CREATUREPAWS.DDS"},"IconGrey":{"Filename":""},"MissionIcon":{"Filename":"TEXTURES\/UI\/FRONTEND\/ICONS\/MISSIONS\/EXPEDITIONMISSIONS\/MISSION.CRESCAN.ON.DDS"},"MissionIconSelected":{"Filename":"TEXTURES\/UI\/FRONTEND\/ICONS\/MISSIONS\/EXPEDITIONMISSIONS\/MISSION.CRESCAN.ON.DDS"},"MissionIconNotSelected":{"Filename":"TEXTURES\/UI\/FRONTEND\/ICONS\/MISSIONS\/EXPEDITIONMISSIONS\/MISSION.CRESCAN.OFF.DDS"},"Reward":"^RS_S11_S1M4","RewardSwitchAlt":"^","RewardDescription":"","CantClaimRewardDescription":"","IsOptional":false,"GreyIfCantStart":false,"IsRendezvous":false,"IsStageControl":false,"Encryption":{"IsEncrypted":false,"TitleUpper":"^","Subtitle":"^","Description":"^","Patch":{"Filename":""},"HoverPopupIcon":{"Filename":""},"DecryptMissionId":"^","DecryptMissionSeed":0}},{"Mission":"^WALKER","Title":"^UI_EXPED_WALKER_NAME","TitleUpper":"^UI_EXPED_WALKER_NAME_U","Description":"^UI_EXPED_WALKER_DESC","DescriptionDone":"^UI_EXPED_WALKER_DESC_D","CantRewardMessage":"^INTRCT_NOROOM_L","IdToUseInMissionData":"^","Amount":2500,"StageIndex":0,"MilestoneIndex":0,"RendezvousIndex":-1,"Icon":{"Filename":"textures\/ui\/frontend\/icons\/expedition\/patch.walker.dds"},"IconGrey":{"Filename":""},"MissionIcon":{"Filename":"textures\/ui\/frontend\/icons\/missions\/expeditionmissions\/mission.planets.on.dds"},"MissionIconSelected":{"Filename":"textures\/ui\/frontend\/icons\/missions\/expeditionmissions\/mission.planets.on.dds"},"MissionIconNotSelected":{"Filename":"textures\/ui\/frontend\/icons\/missions\/expeditionmissions\/mission.planets.off.dds"},"Reward":"^RS_S11_S1M5","RewardSwitchAlt":"^","RewardDescription":"","CantClaimRewardDescription":"","IsOptional":false,"GreyIfCantStart":false,"IsRendezvous":false,"IsStageControl":false,"Encryption":{"IsEncrypted":false,"TitleUpper":"^","Subtitle":"^","Description":"^","Patch":{"Filename":""},"HoverPopupIcon":{"Filename":""},"DecryptMissionId":"^","DecryptMissionSeed":0}},{"Mission":"^GOT_PETS","Title":"^UI_EXPED_GOT_PETS_NAME","TitleUpper":"^UI_EXPED_GOT_PETS_NAME_U","Description":"^UI_EXPED_GOT_PETS_DESC","DescriptionDone":"^UI_EXPED_GOT_PETS_DESC_D","CantRewardMessage":"^INTRCT_NOROOM_L","IdToUseInMissionData":"^","Amount":2,"StageIndex":0,"MilestoneIndex":0,"RendezvousIndex":-1,"Icon":{"Filename":"TEXTURES\/UI\/FRONTEND\/ICONS\/EXPEDITION\/PATCH.CREATURETRUST.DDS"},"IconGrey":{"Filename":""},"MissionIcon":{"Filename":"textures\/ui\/frontend\/icons\/missions\/expeditionmissions\/mission.pets.on.dds"},"MissionIconSelected":{"Filename":"textures\/ui\/frontend\/icons\/missions\/expeditionmissions\/mission.pets.on.dds"},"MissionIconNotSelected":{"Filename":"textures\/ui\/frontend\/icons\/missions\/expeditionmissions\/mission.pets.off.dds"},"Reward":"^RS_S11_S1M6","RewardSwitchAlt":"^","RewardDescription":"","CantClaimRewardDescription":"","IsOptional":false,"GreyIfCantStart":false,"IsRendezvous":false,"IsStageControl":false,"Encryption":{"IsEncrypted":false,"TitleUpper":"^","Subtitle":"^","Description":"^","Patch":{"Filename":""},"HoverPopupIcon":{"Filename":""},"DecryptMissionId":"^","DecryptMissionSeed":0}},{"Mission":"^WORDS_TRA","Title":"^UI_EXPED_WORDS_TRA_NAME","TitleUpper":"^UI_EXPED_WORDS_TRA_NAME_U","Description":"^UI_EXPED_WORDS_TRA_DESC","DescriptionDone":"^UI_EXPED_WORDS_TRA_DESC_D","CantRewardMessage":"^INTRCT_NOROOM_L","IdToUseInMissionData":"^","Amount":3,"StageIndex":0,"MilestoneIndex":0,"RendezvousIndex":-1,"Icon":{"Filename":"textures\/ui\/frontend\/icons\/expedition\/patch.learn.gek.dds"},"IconGrey":{"Filename":""},"MissionIcon":{"Filename":"textures\/ui\/frontend\/icons\/missions\/expeditionmissions\/mission.words.on.dds"},"MissionIconSelected":{"Filename":"textures\/ui\/frontend\/icons\/missions\/expeditionmissions\/mission.words.on.dds"},"MissionIconNotSelected":{"Filename":"textures\/ui\/frontend\/icons\/missions\/expeditionmissions\/mission.words.off.dds"},"Reward":"^RS_S11_S1M7","RewardSwitchAlt":"^","RewardDescription":"","CantClaimRewardDescription":"","IsOptional":false,"GreyIfCantStart":false,"IsRendezvous":false,"IsStageControl":false,"Encryption":{"IsEncrypted":false,"TitleUpper":"^","Subtitle":"^","Description":"^","Patch":{"Filename":""},"HoverPopupIcon":{"Filename":""},"DecryptMissionId":"^","DecryptMissionSeed":0}},{"Mission":"^PARTY_PLANET1","Title":"^UI_EXPED_PARTY_PLANET1_NAME","TitleUpper":"^UI_EXPED_PARTY_PLANET1_NAME_U","Description":"^UI_EXPED_PARTY_PLANET1_DESC","DescriptionDone":"^UI_EXPED_PARTY_PLANET1_DESC_D","CantRewardMessage":"^INTRCT_NOROOM_L","IdToUseInMissionData":"^","Amount":100,"StageIndex":0,"MilestoneIndex":0,"RendezvousIndex":-1,"Icon":{"Filename":"TEXTURES\/UI\/FRONTEND\/ICONS\/EXPEDITION\/PATCH2.PARTY.1.DDS"},"IconGrey":{"Filename":""},"MissionIcon":{"Filename":"textures\/ui\/frontend\/icons\/missions\/mission.seasonal.on.dds"},"MissionIconSelected":{"Filename":"textures\/ui\/frontend\/icons\/missions\/mission.seasonal.on.dds"},"MissionIconNotSelected":{"Filename":"textures\/ui\/frontend\/icons\/missions\/mission.seasonal.off.dds"},"Reward":"^RS_S11_PARTY","RewardSwitchAlt":"^","RewardDescription":"","CantClaimRewardDescription":"","IsOptional":false,"GreyIfCantStart":false,"IsRendezvous":true,"IsStageControl":false,"Encryption":{"IsEncrypted":false,"TitleUpper":"^","Subtitle":"^","Description":"^","Patch":{"Filename":""},"HoverPopupIcon":{"Filename":""},"DecryptMissionId":"^","DecryptMissionSeed":0}},{"Mission":"^STAGE1","Title":"^UI_EXPED_STAGE1_NAME","TitleUpper":"^UI_EXPED_STAGE1_NAME_U","Description":"^UI_EXPED_STAGE1_DESC","DescriptionDone":"^UI_EXPED_STAGE1_DESC_D","CantRewardMessage":"^INTRCT_NOROOM_L","IdToUseInMissionData":"^","Amount":1,"StageIndex":0,"MilestoneIndex":0,"RendezvousIndex":-1,"Icon":{"Filename":"TEXTURES\/UI\/FRONTEND\/ICONS\/EXPEDITION\/PATCH.NEONMILESTONE.1.DDS"},"IconGrey":{"Filename":"TEXTURES\/UI\/FRONTEND\/ICONS\/EXPEDITION\/PATCH.NEONMILESTONE.1.GREY.DDS"},"MissionIcon":{"Filename":"textures\/ui\/hud\/icons\/missions\/mission.seasonal.dds"},"MissionIconSelected":{"Filename":"textures\/ui\/frontend\/icons\/missions\/mission.seasonal.on.dds"},"MissionIconNotSelected":{"Filename":"textures\/ui\/frontend\/icons\/missions\/mission.seasonal.off.dds"},"Reward":"^RS_S11_PHASE1","RewardSwitchAlt":"^","RewardDescription":"","CantClaimRewardDescription":"","IsOptional":false,"GreyIfCantStart":false,"IsRendezvous":false,"IsStageControl":true,"Encryption":{"IsEncrypted":false,"TitleUpper":"^","Subtitle":"^","Description":"^","Patch":{"Filename":""},"HoverPopupIcon":{"Filename":""},"DecryptMissionId":"^","DecryptMissionSeed":0}}],"Title":"^UI_EXPED_STAGE_TITLE_1","Description":"^UI_EXPED_STAGE_DESC_1"},{"Milestones":[{"Mission":"^PARTY_PLANET2","Title":"^UI_EXPED_PARTY_PLANET2_NAME","TitleUpper":"^UI_EXPED_PARTY_PLANET2_NAME_U","Description":"^UI_EXPED_PARTY_PLANET2_DESC","DescriptionDone":"^UI_EXPED_PARTY_PLANET2_DESC_D","CantRewardMessage":"^INTRCT_NOROOM_L","IdToUseInMissionData":"^","Amount":600,"StageIndex":0,"MilestoneIndex":0,"RendezvousIndex":-1,"Icon":{"Filename":"TEXTURES\/UI\/FRONTEND\/ICONS\/EXPEDITION\/PATCH2.PARTY.2.DDS"},"IconGrey":{"Filename":""},"MissionIcon":{"Filename":"textures\/ui\/frontend\/icons\/missions\/mission.seasonal.on.dds"},"MissionIconSelected":{"Filename":"textures\/ui\/frontend\/icons\/missions\/mission.seasonal.on.dds"},"MissionIconNotSelected":{"Filename":"textures\/ui\/frontend\/icons\/missions\/mission.seasonal.off.dds"},"Reward":"^RS_S11_PARTY","RewardSwitchAlt":"^","RewardDescription":"","CantClaimRewardDescription":"","IsOptional":false,"GreyIfCantStart":false,"IsRendezvous":true,"IsStageControl":false,"Encryption":{"IsEncrypted":false,"TitleUpper":"^","Subtitle":"^","Description":"^","Patch":{"Filename":""},"HoverPopupIcon":{"Filename":""},"DecryptMissionId":"^","DecryptMissionSeed":0}},{"Mission":"^MOUNTAIN_TOP","Title":"^UI_EXPED_MOUNTAIN_TOP_NAME","TitleUpper":"^UI_EXPED_MOUNTAIN_TOP_NAME_U","Description":"^UI_EXPED_MOUNTAIN_TOP_DESC","DescriptionDone":"^UI_EXPED_MOUNTAIN_TOP_DESC_D","CantRewardMessage":"^INTRCT_NOROOM_L","IdToUseInMissionData":"^","Amount":600,"StageIndex":0,"MilestoneIndex":0,"RendezvousIndex":-1,"Icon":{"Filename":"TEXTURES\/UI\/FRONTEND\/ICONS\/EXPEDITION\/PATCH.MOUNTAIN2.DDS"},"IconGrey":{"Filename":""},"MissionIcon":{"Filename":"textures\/ui\/frontend\/icons\/missions\/expeditionmissions\/mission.planets.on.dds"},"MissionIconSelected":{"Filename":"textures\/ui\/frontend\/icons\/missions\/expeditionmissions\/mission.planets.on.dds"},"MissionIconNotSelected":{"Filename":"textures\/ui\/frontend\/icons\/missions\/expeditionmissions\/mission.planets.off.dds"},"Reward":"^RS_S11_S2M1","RewardSwitchAlt":"^","RewardDescription":"","CantClaimRewardDescription":"","IsOptional":false,"GreyIfCantStart":false,"IsRendezvous":false,"IsStageControl":false,"Encryption":{"IsEncrypted":false,"TitleUpper":"^","Subtitle":"^","Description":"^","Patch":{"Filename":""},"HoverPopupIcon":{"Filename":""},"DecryptMissionId":"^","DecryptMissionSeed":0}},{"Mission":"^STORM_CRYSTALS","Title":"^UI_EXPED11_STORM_CRYSTAL_NAME","TitleUpper":"^UI_EXPED11_STORM_CRYSTAL_NAME_U","Description":"^UI_EXPED_STORM_CRYSTALS_DESC","DescriptionDone":"^UI_EXPED_STORM_CRYSTALS_DESC_D","CantRewardMessage":"^INTRCT_NOROOM_L","IdToUseInMissionData":"^","Amount":3,"StageIndex":0,"MilestoneIndex":0,"RendezvousIndex":-1,"Icon":{"Filename":"TEXTURES\/UI\/FRONTEND\/ICONS\/EXPEDITION\/PATCH.STORMCRYSTALS.DDS"},"IconGrey":{"Filename":""},"MissionIcon":{"Filename":"textures\/ui\/frontend\/icons\/missions\/expeditionmissions\/mission.collect.on.dds"},"MissionIconSelected":{"Filename":"textures\/ui\/frontend\/icons\/missions\/expeditionmissions\/mission.collect.on.dds"},"MissionIconNotSelected":{"Filename":"textures\/ui\/frontend\/icons\/missions\/expeditionmissions\/mission.collect.off.dds"},"Reward":"^RS_S11_S2M2","RewardSwitchAlt":"^","RewardDescription":"","CantClaimRewardDescription":"","IsOptional":false,"GreyIfCantStart":false,"IsRendezvous":false,"IsStageControl":false,"Encryption":{"IsEncrypted":false,"TitleUpper":"^","Subtitle":"^","Description":"^","Patch":{"Filename":""},"HoverPopupIcon":{"Filename":""},"DecryptMissionId":"^","DecryptMissionSeed":0}},{"Mission":"^W_CRE_TOX","Title":"^UI_EXPED_W_CRE_TOX_NAME","TitleUpper":"^UI_EXPED_W_CRE_TOX_NAME_U","Description":"^UI_EXPED_W_CRE_TOX_DESC","DescriptionDone":"^UI_EXPED_W_CRE_TOX_DESC_D","CantRewardMessage":"^INTRCT_NOROOM_L","IdToUseInMissionData":"^","Amount":3.1500000953674316,"StageIndex":0,"MilestoneIndex":0,"RendezvousIndex":-1,"Icon":{"Filename":"TEXTURES\/UI\/FRONTEND\/ICONS\/EXPEDITION\/PATCH.CREATUREPLANET.3.DDS"},"IconGrey":{"Filename":""},"MissionIcon":{"Filename":"textures\/ui\/frontend\/icons\/missions\/expeditionmissions\/mission.crescan.on.dds"},"MissionIconSelected":{"Filename":"textures\/ui\/frontend\/icons\/missions\/expeditionmissions\/mission.crescan.on.dds"},"MissionIconNotSelected":{"Filename":"textures\/ui\/frontend\/icons\/missions\/expeditionmissions\/mission.crescan.off.dds"},"Reward":"^RS_S11_S2M3","RewardSwitchAlt":"^","RewardDescription":"","CantClaimRewardDescription":"","IsOptional":false,"GreyIfCantStart":false,"IsRendezvous":false,"IsStageControl":false,"Encryption":{"IsEncrypted":false,"TitleUpper":"^","Subtitle":"^","Description":"^","Patch":{"Filename":""},"HoverPopupIcon":{"Filename":""},"DecryptMissionId":"^","DecryptMissionSeed":0}},{"Mission":"^W_CRE_BAD","Title":"^UI_EXPED_W_CRE_BAD_NAME","TitleUpper":"^UI_EXPED_W_CRE_BAD_NAME_U","Description":"^UI_EXPED_W_CRE_BAD_DESC","DescriptionDone":"^UI_EXPED_W_CRE_BAD_DESC_D","CantRewardMessage":"^INTRCT_NOROOM_L","IdToUseInMissionData":"^","Amount":20,"StageIndex":0,"MilestoneIndex":0,"RendezvousIndex":-1,"Icon":{"Filename":"TEXTURES\/UI\/FRONTEND\/ICONS\/EXPEDITION\/SPOOKWORM\/PATCH.SPOOKY.LIBRARY.DDS"},"IconGrey":{"Filename":""},"MissionIcon":{"Filename":"TEXTURES\/UI\/FRONTEND\/ICONS\/MISSIONS\/EXPEDITIONMISSIONS\/MISSION.CRESCAN.ON.DDS"},"MissionIconSelected":{"Filename":"TEXTURES\/UI\/FRONTEND\/ICONS\/MISSIONS\/EXPEDITIONMISSIONS\/MISSION.CRESCAN.ON.DDS"},"MissionIconNotSelected":{"Filename":"TEXTURES\/UI\/FRONTEND\/ICONS\/MISSIONS\/EXPEDITIONMISSIONS\/MISSION.CRESCAN.OFF.DDS"},"Reward":"^RS_S11_S2M4","RewardSwitchAlt":"^","RewardDescription":"","CantClaimRewardDescription":"","IsOptional":false,"GreyIfCantStart":false,"IsRendezvous":false,"IsStageControl":false,"Encryption":{"IsEncrypted":false,"TitleUpper":"^","Subtitle":"^","Description":"^","Patch":{"Filename":""},"HoverPopupIcon":{"Filename":""},"DecryptMissionId":"^","DecryptMissionSeed":0}},{"Mission":"^W_PLANET_COLD","Title":"^UI_EXPED_W_PLANET_COLD_NAME","TitleUpper":"^UI_EXPED_W_PLANET_COLD_NAME_U","Description":"^UI_EXPED_W_PLANET_COLD_DESC","DescriptionDone":"^UI_EXPED_W_PLANET_COLD_DESC_D","CantRewardMessage":"^INTRCT_NOROOM_L","IdToUseInMissionData":"^","Amount":-70,"StageIndex":0,"MilestoneIndex":0,"RendezvousIndex":-1,"Icon":{"Filename":"TEXTURES\/UI\/FRONTEND\/ICONS\/EXPEDITION\/PATCH.BIOME.3.DDS"},"IconGrey":{"Filename":""},"MissionIcon":{"Filename":"textures\/ui\/frontend\/icons\/missions\/expeditionmissions\/mission.planets.on.dds"},"MissionIconSelected":{"Filename":"textures\/ui\/frontend\/icons\/missions\/expeditionmissions\/mission.planets.on.dds"},"MissionIconNotSelected":{"Filename":"textures\/ui\/frontend\/icons\/missions\/expeditionmissions\/mission.planets.off.dds"},"Reward":"^RS_S11_S2M5","RewardSwitchAlt":"^","RewardDescription":"","CantClaimRewardDescription":"","IsOptional":false,"GreyIfCantStart":false,"IsRendezvous":false,"IsStageControl":false,"Encryption":{"IsEncrypted":false,"TitleUpper":"^","Subtitle":"^","Description":"^","Patch":{"Filename":""},"HoverPopupIcon":{"Filename":""},"DecryptMissionId":"^","DecryptMissionSeed":0}},{"Mission":"^BUILD_PART","Title":"^UI_EXPED_HOLODISCO_NAME","TitleUpper":"^UI_EXPED_HOLODISCO_NAME_U","Description":"^UI_EXPED_HOLODISCO_DESC","DescriptionDone":"^UI_EXPED_HOLODISCO_DESC_D","CantRewardMessage":"^INTRCT_NOROOM_L","IdToUseInMissionData":"^HOLO_DISCO_0","Amount":1,"StageIndex":0,"MilestoneIndex":0,"RendezvousIndex":-1,"Icon":{"Filename":"TEXTURES\/UI\/FRONTEND\/ICONS\/EXPEDITION\/PATCH.CONTROL1.DDS"},"IconGrey":{"Filename":""},"MissionIcon":{"Filename":"TEXTURES\/UI\/FRONTEND\/ICONS\/MISSIONS\/EXPEDITIONMISSIONS\/MISSION.DOSTAGES.ON.DDS"},"MissionIconSelected":{"Filename":"TEXTURES\/UI\/FRONTEND\/ICONS\/MISSIONS\/EXPEDITIONMISSIONS\/MISSION.DOSTAGES.ON.DDS"},"MissionIconNotSelected":{"Filename":"TEXTURES\/UI\/FRONTEND\/ICONS\/MISSIONS\/EXPEDITIONMISSIONS\/MISSION.DOSTAGES.OFF.DDS"},"Reward":"^RS_S11_S2M6","RewardSwitchAlt":"^","RewardDescription":"","CantClaimRewardDescription":"","IsOptional":false,"GreyIfCantStart":false,"IsRendezvous":false,"IsStageControl":false,"Encryption":{"IsEncrypted":false,"TitleUpper":"^","Subtitle":"^","Description":"^","Patch":{"Filename":""},"HoverPopupIcon":{"Filename":""},"DecryptMissionId":"^","DecryptMissionSeed":0}},{"Mission":"^PROC_PRODS","Title":"^UI_EXPED_TREASURE_NAME","TitleUpper":"^UI_EXPED_TREASURE_NAME_U","Description":"^UI_EXPED_TREASURE_DESC","DescriptionDone":"^UI_EXPED_TREASURE_DESC_D","CantRewardMessage":"^INTRCT_NOROOM_L","IdToUseInMissionData":"^","Amount":1,"StageIndex":0,"MilestoneIndex":0,"RendezvousIndex":-1,"Icon":{"Filename":"TEXTURES\/UI\/FRONTEND\/ICONS\/EXPEDITION\/PATCH.TREASURECHEST.DDS"},"IconGrey":{"Filename":""},"MissionIcon":{"Filename":"textures\/ui\/frontend\/icons\/missions\/expeditionmissions\/mission.digging.on.dds"},"MissionIconSelected":{"Filename":"textures\/ui\/frontend\/icons\/missions\/expeditionmissions\/mission.digging.on.dds"},"MissionIconNotSelected":{"Filename":"textures\/ui\/frontend\/icons\/missions\/expeditionmissions\/mission.digging.off.dds"},"Reward":"^RS_S11_S2M7","RewardSwitchAlt":"^","RewardDescription":"","CantClaimRewardDescription":"","IsOptional":false,"GreyIfCantStart":false,"IsRendezvous":false,"IsStageControl":false,"Encryption":{"IsEncrypted":false,"TitleUpper":"^","Subtitle":"^","Description":"^","Patch":{"Filename":""},"HoverPopupIcon":{"Filename":""},"DecryptMissionId":"^","DecryptMissionSeed":0}},{"Mission":"^STAGE2","Title":"^UI_EXPED_STAGE2_NAME","TitleUpper":"^UI_EXPED_STAGE2_NAME_U","Description":"^UI_EXPED_STAGE2_DESC","DescriptionDone":"^UI_EXPED_STAGE2_DESC_D","CantRewardMessage":"^INTRCT_NOROOM_L","IdToUseInMissionData":"^","Amount":1,"StageIndex":0,"MilestoneIndex":0,"RendezvousIndex":-1,"Icon":{"Filename":"TEXTURES\/UI\/FRONTEND\/ICONS\/EXPEDITION\/PATCH.NEONMILESTONE.2.DDS"},"IconGrey":{"Filename":"TEXTURES\/UI\/FRONTEND\/ICONS\/EXPEDITION\/PATCH.NEONMILESTONE.2.GREY.DDS"},"MissionIcon":{"Filename":"textures\/ui\/hud\/icons\/missions\/mission.seasonal.dds"},"MissionIconSelected":{"Filename":"textures\/ui\/frontend\/icons\/missions\/mission.seasonal.on.dds"},"MissionIconNotSelected":{"Filename":"textures\/ui\/frontend\/icons\/missions\/mission.seasonal.off.dds"},"Reward":"^RS_S11_PHASE2","RewardSwitchAlt":"^","RewardDescription":"","CantClaimRewardDescription":"","IsOptional":false,"GreyIfCantStart":false,"IsRendezvous":false,"IsStageControl":true,"Encryption":{"IsEncrypted":false,"TitleUpper":"^","Subtitle":"^","Description":"^","Patch":{"Filename":""},"HoverPopupIcon":{"Filename":""},"DecryptMissionId":"^","DecryptMissionSeed":0}}],"Title":"^UI_EXPED_STAGE_TITLE_2","Description":"^UI_EXPED_STAGE_DESC_2"},{"Milestones":[{"Mission":"^PARTY_PLANET3","Title":"^UI_EXPED_PARTY_PLANET3_NAME","TitleUpper":"^UI_EXPED_PARTY_PLANET3_NAME_U","Description":"^UI_EXPED_PARTY_PLANET3_DESC","DescriptionDone":"^UI_EXPED_PARTY_PLANET3_DESC_D","CantRewardMessage":"^INTRCT_NOROOM_L","IdToUseInMissionData":"^","Amount":600,"StageIndex":0,"MilestoneIndex":0,"RendezvousIndex":-1,"Icon":{"Filename":"TEXTURES\/UI\/FRONTEND\/ICONS\/EXPEDITION\/PATCH2.PARTY.3.DDS"},"IconGrey":{"Filename":""},"MissionIcon":{"Filename":"textures\/ui\/frontend\/icons\/missions\/mission.seasonal.on.dds"},"MissionIconSelected":{"Filename":"textures\/ui\/frontend\/icons\/missions\/mission.seasonal.on.dds"},"MissionIconNotSelected":{"Filename":"textures\/ui\/frontend\/icons\/missions\/mission.seasonal.off.dds"},"Reward":"^RS_S11_PARTY","RewardSwitchAlt":"^","RewardDescription":"","CantClaimRewardDescription":"","IsOptional":false,"GreyIfCantStart":false,"IsRendezvous":true,"IsStageControl":false,"Encryption":{"IsEncrypted":false,"TitleUpper":"^","Subtitle":"^","Description":"^","Patch":{"Filename":""},"HoverPopupIcon":{"Filename":""},"DecryptMissionId":"^","DecryptMissionSeed":0}},{"Mission":"^W_PLANET_BAD","Title":"^UI_EXPED_W_PLANET_BAD_NAME","TitleUpper":"^UI_EXPED_W_PLANET_BAD_NAME_U","Description":"^UI_EXPED_W_PLANET_BAD_DESC","DescriptionDone":"^UI_EXPED_W_PLANET_BAD_DESC_D","CantRewardMessage":"^INTRCT_NOROOM_L","IdToUseInMissionData":"^","Amount":69,"StageIndex":0,"MilestoneIndex":0,"RendezvousIndex":-1,"Icon":{"Filename":"TEXTURES\/UI\/FRONTEND\/ICONS\/EXPEDITION\/SPOOKWORM\/PATCH.SPOOKY.WORMLURE.DDS"},"IconGrey":{"Filename":""},"MissionIcon":{"Filename":"textures\/ui\/frontend\/icons\/missions\/expeditionmissions\/mission.planets.on.dds"},"MissionIconSelected":{"Filename":"textures\/ui\/frontend\/icons\/missions\/expeditionmissions\/mission.planets.on.dds"},"MissionIconNotSelected":{"Filename":"textures\/ui\/frontend\/icons\/missions\/expeditionmissions\/mission.planets.off.dds"},"Reward":"^RS_S11_S3M1","RewardSwitchAlt":"^","RewardDescription":"","CantClaimRewardDescription":"","IsOptional":false,"GreyIfCantStart":false,"IsRendezvous":false,"IsStageControl":false,"Encryption":{"IsEncrypted":false,"TitleUpper":"^","Subtitle":"^","Description":"^","Patch":{"Filename":""},"HoverPopupIcon":{"Filename":""},"DecryptMissionId":"^","DecryptMissionSeed":0}},{"Mission":"^FARMER","Title":"^UI_EXPED11_FARMER_NAME","TitleUpper":"^UI_EXPED11_FARMER_NAME_U","Description":"^UI_EXPED11_FARMER_DESC","DescriptionDone":"^UI_EXPED_FARMER_DESC_D","CantRewardMessage":"^INTRCT_NOROOM_L","IdToUseInMissionData":"^","Amount":6,"StageIndex":0,"MilestoneIndex":0,"RendezvousIndex":-1,"Icon":{"Filename":"textures\/ui\/frontend\/icons\/expedition\/patch.getfarm.dds"},"IconGrey":{"Filename":""},"MissionIcon":{"Filename":"textures\/ui\/frontend\/icons\/missions\/expeditionmissions\/mission.farmer.on.dds"},"MissionIconSelected":{"Filename":"textures\/ui\/frontend\/icons\/missions\/expeditionmissions\/mission.farmer.on.dds"},"MissionIconNotSelected":{"Filename":"textures\/ui\/frontend\/icons\/missions\/expeditionmissions\/mission.farmer.off.dds"},"Reward":"^RS_S11_S3M2","RewardSwitchAlt":"^","RewardDescription":"","CantClaimRewardDescription":"","IsOptional":false,"GreyIfCantStart":false,"IsRendezvous":false,"IsStageControl":false,"Encryption":{"IsEncrypted":false,"TitleUpper":"^","Subtitle":"^","Description":"^","Patch":{"Filename":""},"HoverPopupIcon":{"Filename":""},"DecryptMissionId":"^","DecryptMissionSeed":0}},{"Mission":"^W_CRE_HOT","Title":"^UI_EXPED_W_CRE_HOT_NAME","TitleUpper":"^UI_EXPED_W_CRE_HOT_NAME_U","Description":"^UI_EXPED_W_CRE_HOT_DESC","DescriptionDone":"^UI_EXPED_W_CRE_HOT_DESC_D","CantRewardMessage":"^INTRCT_NOROOM_L","IdToUseInMissionData":"^","Amount":52,"StageIndex":0,"MilestoneIndex":0,"RendezvousIndex":-1,"Icon":{"Filename":"textures\/ui\/frontend\/icons\/expedition\/patch.creatureplanet.1.dds"},"IconGrey":{"Filename":""},"MissionIcon":{"Filename":"textures\/ui\/frontend\/icons\/missions\/expeditionmissions\/mission.crescan.on.dds"},"MissionIconSelected":{"Filename":"textures\/ui\/frontend\/icons\/missions\/expeditionmissions\/mission.crescan.on.dds"},"MissionIconNotSelected":{"Filename":"textures\/ui\/frontend\/icons\/missions\/expeditionmissions\/mission.crescan.off.dds"},"Reward":"^RS_S11_S3M3","RewardSwitchAlt":"^","RewardDescription":"","CantClaimRewardDescription":"","IsOptional":false,"GreyIfCantStart":false,"IsRendezvous":false,"IsStageControl":false,"Encryption":{"IsEncrypted":false,"TitleUpper":"^","Subtitle":"^","Description":"^","Patch":{"Filename":""},"HoverPopupIcon":{"Filename":""},"DecryptMissionId":"^","DecryptMissionSeed":0}},{"Mission":"^GOT_VORTEX_CUBE","Title":"^UI_EXPED_GOT_VORTEX_NAME","TitleUpper":"^UI_EXPED_GOT_VORTEX_NAME_U","Description":"^UI_EXPED_GOT_VORTEX_DESC","DescriptionDone":"^UI_EXPED_GOT_VORTEX_DESC_D","CantRewardMessage":"^INTRCT_NOROOM_L","IdToUseInMissionData":"^","Amount":3,"StageIndex":0,"MilestoneIndex":0,"RendezvousIndex":-1,"Icon":{"Filename":"TEXTURES\/UI\/FRONTEND\/ICONS\/EXPEDITION\/PATCH.GETCUBES.DDS"},"IconGrey":{"Filename":""},"MissionIcon":{"Filename":"textures\/ui\/frontend\/icons\/missions\/expeditionmissions\/mission.collect.on.dds"},"MissionIconSelected":{"Filename":"textures\/ui\/frontend\/icons\/missions\/expeditionmissions\/mission.collect.on.dds"},"MissionIconNotSelected":{"Filename":"textures\/ui\/frontend\/icons\/missions\/expeditionmissions\/mission.collect.off.dds"},"Reward":"^RS_S11_S3M4","RewardSwitchAlt":"^","RewardDescription":"","CantClaimRewardDescription":"","IsOptional":false,"GreyIfCantStart":false,"IsRendezvous":false,"IsStageControl":false,"Encryption":{"IsEncrypted":false,"TitleUpper":"^","Subtitle":"^","Description":"^","Patch":{"Filename":""},"HoverPopupIcon":{"Filename":""},"DecryptMissionId":"^","DecryptMissionSeed":0}},{"Mission":"^STAR_RED","Title":"^UI_EXPED_STAR_RED_NAME","TitleUpper":"^UI_EXPED_STAR_RED_NAME_U","Description":"^UI_EXPED_STAR_RED_DESC","DescriptionDone":"^UI_EXPED_STAR_RED_DESC_D","CantRewardMessage":"^INTRCT_NOROOM_L","IdToUseInMissionData":"^","Amount":1,"StageIndex":0,"MilestoneIndex":0,"RendezvousIndex":-1,"Icon":{"Filename":"textures\/ui\/frontend\/icons\/expedition\/patch.redsystem.dds"},"IconGrey":{"Filename":""},"MissionIcon":{"Filename":"textures\/ui\/frontend\/icons\/missions\/expeditionmissions\/mission.specialsystem.on.dds"},"MissionIconSelected":{"Filename":"textures\/ui\/frontend\/icons\/missions\/expeditionmissions\/mission.specialsystem.on.dds"},"MissionIconNotSelected":{"Filename":"textures\/ui\/frontend\/icons\/missions\/expeditionmissions\/mission.specialsystem.off.dds"},"Reward":"^RS_S11_S3M5","RewardSwitchAlt":"^","RewardDescription":"","CantClaimRewardDescription":"","IsOptional":false,"GreyIfCantStart":false,"IsRendezvous":false,"IsStageControl":false,"Encryption":{"IsEncrypted":false,"TitleUpper":"^","Subtitle":"^","Description":"^","Patch":{"Filename":""},"HoverPopupIcon":{"Filename":""},"DecryptMissionId":"^","DecryptMissionSeed":0}},{"Mission":"^MOLEMAN","Title":"^UI_EXPED_MOLEMAN_NAME","TitleUpper":"^UI_EXPED_MOLEMAN_NAME_U","Description":"^UI_EXPED_MOLEMAN_DESC","DescriptionDone":"^UI_EXPED_MOLEMAN_DESC_D","CantRewardMessage":"^INTRCT_NOROOM_L","IdToUseInMissionData":"^","Amount":900,"StageIndex":0,"MilestoneIndex":0,"RendezvousIndex":-1,"Icon":{"Filename":"textures\/ui\/frontend\/icons\/expedition\/patch.cavewalker.dds"},"IconGrey":{"Filename":""},"MissionIcon":{"Filename":"textures\/ui\/frontend\/icons\/missions\/expeditionmissions\/mission.digging.on.dds"},"MissionIconSelected":{"Filename":"textures\/ui\/frontend\/icons\/missions\/expeditionmissions\/mission.digging.on.dds"},"MissionIconNotSelected":{"Filename":"textures\/ui\/frontend\/icons\/missions\/expeditionmissions\/mission.digging.off.dds"},"Reward":"^RS_S11_S3M6","RewardSwitchAlt":"^","RewardDescription":"","CantClaimRewardDescription":"","IsOptional":false,"GreyIfCantStart":false,"IsRendezvous":false,"IsStageControl":false,"Encryption":{"IsEncrypted":false,"TitleUpper":"^","Subtitle":"^","Description":"^","Patch":{"Filename":""},"HoverPopupIcon":{"Filename":""},"DecryptMissionId":"^","DecryptMissionSeed":0}},{"Mission":"^WORDS_WAR","Title":"^UI_EXPED_WORDS_WAR_NAME","TitleUpper":"^UI_EXPED_WORDS_WAR_NAME_U","Description":"^UI_EXPED_WORDS_WAR_DESC","DescriptionDone":"^UI_EXPED_WORDS_WAR_DESC_D","CantRewardMessage":"^INTRCT_NOROOM_L","IdToUseInMissionData":"^","Amount":3,"StageIndex":0,"MilestoneIndex":0,"RendezvousIndex":-1,"Icon":{"Filename":"TEXTURES\/UI\/FRONTEND\/ICONS\/EXPEDITION\/PATCH.LEARN.VYKEEN.DDS"},"IconGrey":{"Filename":""},"MissionIcon":{"Filename":"textures\/ui\/frontend\/icons\/missions\/expeditionmissions\/mission.words.on.dds"},"MissionIconSelected":{"Filename":"textures\/ui\/frontend\/icons\/missions\/expeditionmissions\/mission.words.on.dds"},"MissionIconNotSelected":{"Filename":"textures\/ui\/frontend\/icons\/missions\/expeditionmissions\/mission.words.off.dds"},"Reward":"^RS_S11_S3M7","RewardSwitchAlt":"^","RewardDescription":"","CantClaimRewardDescription":"","IsOptional":false,"GreyIfCantStart":false,"IsRendezvous":false,"IsStageControl":false,"Encryption":{"IsEncrypted":false,"TitleUpper":"^","Subtitle":"^","Description":"^","Patch":{"Filename":""},"HoverPopupIcon":{"Filename":""},"DecryptMissionId":"^","DecryptMissionSeed":0}},{"Mission":"^STAGE3","Title":"^UI_EXPED_STAGE3_NAME","TitleUpper":"^UI_EXPED_STAGE3_NAME_U","Description":"^UI_EXPED_STAGE3_DESC","DescriptionDone":"^UI_EXPED_STAGE3_DESC_D","CantRewardMessage":"^INTRCT_NOROOM_L","IdToUseInMissionData":"^","Amount":1,"StageIndex":0,"MilestoneIndex":0,"RendezvousIndex":-1,"Icon":{"Filename":"TEXTURES\/UI\/FRONTEND\/ICONS\/EXPEDITION\/PATCH.NEONMILESTONE.3.DDS"},"IconGrey":{"Filename":"TEXTURES\/UI\/FRONTEND\/ICONS\/EXPEDITION\/PATCH.NEONMILESTONE.3.GREY.DDS"},"MissionIcon":{"Filename":"textures\/ui\/hud\/icons\/missions\/mission.seasonal.dds"},"MissionIconSelected":{"Filename":"textures\/ui\/frontend\/icons\/missions\/mission.seasonal.on.dds"},"MissionIconNotSelected":{"Filename":"textures\/ui\/frontend\/icons\/missions\/mission.seasonal.off.dds"},"Reward":"^RS_S11_PHASE3","RewardSwitchAlt":"^","RewardDescription":"","CantClaimRewardDescription":"","IsOptional":false,"GreyIfCantStart":false,"IsRendezvous":false,"IsStageControl":true,"Encryption":{"IsEncrypted":false,"TitleUpper":"^","Subtitle":"^","Description":"^","Patch":{"Filename":""},"HoverPopupIcon":{"Filename":""},"DecryptMissionId":"^","DecryptMissionSeed":0}}],"Title":"^UI_EXPED_STAGE_TITLE_3","Description":"^UI_EXPED_STAGE_DESC_3"},{"Milestones":[{"Mission":"^PARTY_PLANET4","Title":"^UI_EXPED_PARTY_PLANET4_NAME","TitleUpper":"^UI_EXPED_PARTY_PLANET4_NAME_U","Description":"^UI_EXPED_PARTY_PLANET4_DESC","DescriptionDone":"^UI_EXPED_PARTY_PLANET4_DESC_D","CantRewardMessage":"^INTRCT_NOROOM_L","IdToUseInMissionData":"^","Amount":600,"StageIndex":0,"MilestoneIndex":0,"RendezvousIndex":-1,"Icon":{"Filename":"TEXTURES\/UI\/FRONTEND\/ICONS\/EXPEDITION\/PATCH2.PARTY.4.DDS"},"IconGrey":{"Filename":""},"MissionIcon":{"Filename":"textures\/ui\/frontend\/icons\/missions\/mission.seasonal.on.dds"},"MissionIconSelected":{"Filename":"textures\/ui\/frontend\/icons\/missions\/mission.seasonal.on.dds"},"MissionIconNotSelected":{"Filename":"textures\/ui\/frontend\/icons\/missions\/mission.seasonal.off.dds"},"Reward":"^RS_S11_PARTY","RewardSwitchAlt":"^","RewardDescription":"","CantClaimRewardDescription":"","IsOptional":false,"GreyIfCantStart":false,"IsRendezvous":true,"IsStageControl":false,"Encryption":{"IsEncrypted":false,"TitleUpper":"^","Subtitle":"^","Description":"^","Patch":{"Filename":""},"HoverPopupIcon":{"Filename":""},"DecryptMissionId":"^","DecryptMissionSeed":0}},{"Mission":"^USE_PORTAL","Title":"^UI_EXPED_USE_PORTAL_NAME","TitleUpper":"^UI_EXPED_USE_PORTAL_NAME_U","Description":"^UI_EXPED_USE_PORTAL_DESC","DescriptionDone":"^UI_EXPED_USE_PORTAL_DESC_D","CantRewardMessage":"^INTRCT_NOROOM_L","IdToUseInMissionData":"^","Amount":1,"StageIndex":0,"MilestoneIndex":0,"RendezvousIndex":-1,"Icon":{"Filename":"TEXTURES\/UI\/FRONTEND\/ICONS\/EXPEDITION\/PATCH.PORTAL.DDS"},"IconGrey":{"Filename":""},"MissionIcon":{"Filename":"TEXTURES\/UI\/FRONTEND\/ICONS\/MISSIONS\/EXPEDITIONMISSIONS\/MISSION.PORTAL.ON.DDS"},"MissionIconSelected":{"Filename":"TEXTURES\/UI\/FRONTEND\/ICONS\/MISSIONS\/EXPEDITIONMISSIONS\/MISSION.PORTAL.ON.DDS"},"MissionIconNotSelected":{"Filename":"TEXTURES\/UI\/FRONTEND\/ICONS\/MISSIONS\/EXPEDITIONMISSIONS\/MISSION.PORTAL.OFF.DDS"},"Reward":"^RS_S11_S4M1","RewardSwitchAlt":"^","RewardDescription":"","CantClaimRewardDescription":"","IsOptional":false,"GreyIfCantStart":false,"IsRendezvous":false,"IsStageControl":false,"Encryption":{"IsEncrypted":false,"TitleUpper":"^","Subtitle":"^","Description":"^","Patch":{"Filename":""},"HoverPopupIcon":{"Filename":""},"DecryptMissionId":"^","DecryptMissionSeed":0}},{"Mission":"^CASH_SCAN_CRE","Title":"^UI_EXPED11_CASH_SCAN_CRE_NAME","TitleUpper":"^UI_EXPED11_CASH_SCAN_CRE_NAME_U","Description":"^UI_EXPED_CASH_SCAN_CRE_DESC","DescriptionDone":"^UI_EXPED_CASH_SCAN_CRE_DESC_D","CantRewardMessage":"^INTRCT_NOROOM_L","IdToUseInMissionData":"^","Amount":50000,"StageIndex":0,"MilestoneIndex":0,"RendezvousIndex":-1,"Icon":{"Filename":"TEXTURES\/UI\/FRONTEND\/ICONS\/EXPEDITION\/PATCH.CREATUREFEED.DDS"},"IconGrey":{"Filename":""},"MissionIcon":{"Filename":"textures\/ui\/frontend\/icons\/missions\/expeditionmissions\/mission.money.on.dds"},"MissionIconSelected":{"Filename":"textures\/ui\/frontend\/icons\/missions\/expeditionmissions\/mission.money.on.dds"},"MissionIconNotSelected":{"Filename":"textures\/ui\/frontend\/icons\/missions\/expeditionmissions\/mission.money.off.dds"},"Reward":"^RS_S11_S4M2","RewardSwitchAlt":"^","RewardDescription":"","CantClaimRewardDescription":"","IsOptional":false,"GreyIfCantStart":false,"IsRendezvous":false,"IsStageControl":false,"Encryption":{"IsEncrypted":false,"TitleUpper":"^","Subtitle":"^","Description":"^","Patch":{"Filename":""},"HoverPopupIcon":{"Filename":""},"DecryptMissionId":"^","DecryptMissionSeed":0}},{"Mission":"^STAR_BLUE","Title":"^UI_EXPED_STAR_BLUE_NAME","TitleUpper":"^UI_EXPED_STAR_BLUE_NAME_U","Description":"^UI_EXPED_STAR_BLUE_DESC","DescriptionDone":"^UI_EXPED_STAR_BLUE_DESC_D","CantRewardMessage":"^INTRCT_NOROOM_L","IdToUseInMissionData":"^","Amount":1,"StageIndex":0,"MilestoneIndex":0,"RendezvousIndex":-1,"Icon":{"Filename":"textures\/ui\/frontend\/icons\/expedition\/patch.bluesystem.dds"},"IconGrey":{"Filename":""},"MissionIcon":{"Filename":"textures\/ui\/frontend\/icons\/missions\/expeditionmissions\/mission.specialsystem.on.dds"},"MissionIconSelected":{"Filename":"textures\/ui\/frontend\/icons\/missions\/expeditionmissions\/mission.specialsystem.on.dds"},"MissionIconNotSelected":{"Filename":"textures\/ui\/frontend\/icons\/missions\/expeditionmissions\/mission.specialsystem.off.dds"},"Reward":"^RS_S11_S4M3","RewardSwitchAlt":"^","RewardDescription":"","CantClaimRewardDescription":"","IsOptional":false,"GreyIfCantStart":false,"IsRendezvous":false,"IsStageControl":false,"Encryption":{"IsEncrypted":false,"TitleUpper":"^","Subtitle":"^","Description":"^","Patch":{"Filename":""},"HoverPopupIcon":{"Filename":""},"DecryptMissionId":"^","DecryptMissionSeed":0}},{"Mission":"^DIVE_DEEP","Title":"^UI_EXPED11_DIVE_DEEP_NAME","TitleUpper":"^UI_EXPED11_DIVE_DEEP_NAME_U","Description":"^UI_EXPED11_DIVE_DEEP_DESC","DescriptionDone":"^UI_EXPED11_DIVE_DEEP_DESC_D","CantRewardMessage":"^INTRCT_NOROOM_L","IdToUseInMissionData":"^","Amount":65,"StageIndex":0,"MilestoneIndex":0,"RendezvousIndex":-1,"Icon":{"Filename":"textures\/ui\/frontend\/icons\/expedition\/patch.underthesea.dds"},"IconGrey":{"Filename":""},"MissionIcon":{"Filename":"textures\/ui\/frontend\/icons\/missions\/expeditionmissions\/mission.water.on.dds"},"MissionIconSelected":{"Filename":"textures\/ui\/frontend\/icons\/missions\/expeditionmissions\/mission.water.on.dds"},"MissionIconNotSelected":{"Filename":"textures\/ui\/frontend\/icons\/missions\/expeditionmissions\/mission.water.off.dds"},"Reward":"^RS_S11_S4M4","RewardSwitchAlt":"^","RewardDescription":"","CantClaimRewardDescription":"","IsOptional":false,"GreyIfCantStart":false,"IsRendezvous":false,"IsStageControl":false,"Encryption":{"IsEncrypted":false,"TitleUpper":"^","Subtitle":"^","Description":"^","Patch":{"Filename":""},"HoverPopupIcon":{"Filename":""},"DecryptMissionId":"^","DecryptMissionSeed":0}},{"Mission":"^BLACKHOLE","Title":"^UI_EXPED_BLACKHOLE_NAME","TitleUpper":"^UI_EXPED_BLACKHOLE_NAME_U","Description":"^UI_EXPED_BLACKHOLE_DESC","DescriptionDone":"^UI_EXPED_BLACKHOLE_DESC_D","CantRewardMessage":"^INTRCT_NOROOM_L","IdToUseInMissionData":"^","Amount":1,"StageIndex":0,"MilestoneIndex":0,"RendezvousIndex":-1,"Icon":{"Filename":"textures\/ui\/frontend\/icons\/expedition\/patch.blackhole.dds"},"IconGrey":{"Filename":""},"MissionIcon":{"Filename":"textures\/ui\/frontend\/icons\/missions\/expeditionmissions\/mission.leavesystem.on.dds"},"MissionIconSelected":{"Filename":"textures\/ui\/frontend\/icons\/missions\/expeditionmissions\/mission.leavesystem.on.dds"},"MissionIconNotSelected":{"Filename":"textures\/ui\/frontend\/icons\/missions\/expeditionmissions\/mission.leavesystem.off.dds"},"Reward":"^RS_S11_S4M5","RewardSwitchAlt":"^","RewardDescription":"","CantClaimRewardDescription":"","IsOptional":false,"GreyIfCantStart":false,"IsRendezvous":false,"IsStageControl":false,"Encryption":{"IsEncrypted":false,"TitleUpper":"^","Subtitle":"^","Description":"^","Patch":{"Filename":""},"HoverPopupIcon":{"Filename":""},"DecryptMissionId":"^","DecryptMissionSeed":0}},{"Mission":"^CRE_WATER","Title":"^UI_EXPED11_CRE_WATER_NAME","TitleUpper":"^UI_EXPED11_CRE_WATER_NAME_U","Description":"^UI_EXPED11_CRE_WATER_DESC","DescriptionDone":"^UI_EXPED11_CRE_WATER_DESC_D","CantRewardMessage":"^INTRCT_NOROOM_L","IdToUseInMissionData":"^","Amount":4,"StageIndex":0,"MilestoneIndex":0,"RendezvousIndex":-1,"Icon":{"Filename":"textures\/ui\/frontend\/icons\/expedition\/patch.creatureunderwater.dds"},"IconGrey":{"Filename":""},"MissionIcon":{"Filename":"textures\/ui\/frontend\/icons\/missions\/expeditionmissions\/mission.crescan.on.dds"},"MissionIconSelected":{"Filename":"textures\/ui\/frontend\/icons\/missions\/expeditionmissions\/mission.crescan.on.dds"},"MissionIconNotSelected":{"Filename":"textures\/ui\/frontend\/icons\/missions\/expeditionmissions\/mission.crescan.off.dds"},"Reward":"^RS_S11_S4M6","RewardSwitchAlt":"^","RewardDescription":"","CantClaimRewardDescription":"","IsOptional":false,"GreyIfCantStart":false,"IsRendezvous":false,"IsStageControl":false,"Encryption":{"IsEncrypted":false,"TitleUpper":"^","Subtitle":"^","Description":"^","Patch":{"Filename":""},"HoverPopupIcon":{"Filename":""},"DecryptMissionId":"^","DecryptMissionSeed":0}},{"Mission":"^UNWLOOT","Title":"^UI_EXPED11_UNWLOOT_NAME","TitleUpper":"^UI_EXPED11_UNWLOOT_NAME_U","Description":"^UI_EXPED11_UNWLOOT_DESC","DescriptionDone":"^UI_EXPED11_UNWLOOT_DESC_D","CantRewardMessage":"^INTRCT_NOROOM_L","IdToUseInMissionData":"^","Amount":1,"StageIndex":0,"MilestoneIndex":0,"RendezvousIndex":-1,"Icon":{"Filename":"textures\/ui\/frontend\/icons\/expedition\/patch.underwatertreasure.dds"},"IconGrey":{"Filename":""},"MissionIcon":{"Filename":"textures\/ui\/frontend\/icons\/missions\/mission.water.on.dds"},"MissionIconSelected":{"Filename":"textures\/ui\/frontend\/icons\/missions\/mission.water.on.dds"},"MissionIconNotSelected":{"Filename":"textures\/ui\/frontend\/icons\/missions\/mission.water.off.dds"},"Reward":"^RS_S11_S4M7","RewardSwitchAlt":"^","RewardDescription":"","CantClaimRewardDescription":"","IsOptional":false,"GreyIfCantStart":false,"IsRendezvous":false,"IsStageControl":false,"Encryption":{"IsEncrypted":false,"TitleUpper":"^","Subtitle":"^","Description":"^","Patch":{"Filename":""},"HoverPopupIcon":{"Filename":""},"DecryptMissionId":"^","DecryptMissionSeed":0}},{"Mission":"^STAGE4","Title":"^UI_EXPED_STAGE4_NAME","TitleUpper":"^UI_EXPED_STAGE4_NAME_U","Description":"^UI_EXPED_STAGE4_DESC","DescriptionDone":"^UI_EXPED_STAGE4_DESC_D","CantRewardMessage":"^INTRCT_NOROOM_L","IdToUseInMissionData":"^","Amount":1,"StageIndex":0,"MilestoneIndex":0,"RendezvousIndex":-1,"Icon":{"Filename":"TEXTURES\/UI\/FRONTEND\/ICONS\/EXPEDITION\/PATCH.NEONMILESTONE.4.DDS"},"IconGrey":{"Filename":"TEXTURES\/UI\/FRONTEND\/ICONS\/EXPEDITION\/PATCH.NEONMILESTONE.4.GREY.DDS"},"MissionIcon":{"Filename":"textures\/ui\/hud\/icons\/missions\/mission.seasonal.dds"},"MissionIconSelected":{"Filename":"textures\/ui\/frontend\/icons\/missions\/mission.seasonal.on.dds"},"MissionIconNotSelected":{"Filename":"textures\/ui\/frontend\/icons\/missions\/mission.seasonal.off.dds"},"Reward":"^RS_S11_PHASE4","RewardSwitchAlt":"^","RewardDescription":"","CantClaimRewardDescription":"","IsOptional":false,"GreyIfCantStart":false,"IsRendezvous":false,"IsStageControl":true,"Encryption":{"IsEncrypted":false,"TitleUpper":"^","Subtitle":"^","Description":"^","Patch":{"Filename":""},"HoverPopupIcon":{"Filename":""},"DecryptMissionId":"^","DecryptMissionSeed":0}}],"Title":"^UI_EXPED_STAGE_TITLE_4","Description":"^UI_EXPED_STAGE_DESC_4"},{"Milestones":[{"Mission":"^PARTY_PLANET5","Title":"^UI_EXPED_PARTY_PLANET5_NAME","TitleUpper":"^UI_EXPED_PARTY_PLANET5_NAME_U","Description":"^UI_EXPED_PARTY_PLANET5_DESC","DescriptionDone":"^UI_EXPED_PARTY_PLANET5_DESC_D","CantRewardMessage":"^INTRCT_NOROOM_L","IdToUseInMissionData":"^","Amount":600,"StageIndex":0,"MilestoneIndex":0,"RendezvousIndex":-1,"Icon":{"Filename":"TEXTURES\/UI\/FRONTEND\/ICONS\/EXPEDITION\/PATCH2.PARTY.5.DDS"},"IconGrey":{"Filename":""},"MissionIcon":{"Filename":"textures\/ui\/frontend\/icons\/missions\/mission.seasonal.on.dds"},"MissionIconSelected":{"Filename":"textures\/ui\/frontend\/icons\/missions\/mission.seasonal.on.dds"},"MissionIconNotSelected":{"Filename":"textures\/ui\/frontend\/icons\/missions\/mission.seasonal.off.dds"},"Reward":"^RS_S11_PARTY","RewardSwitchAlt":"^","RewardDescription":"","CantClaimRewardDescription":"","IsOptional":false,"GreyIfCantStart":false,"IsRendezvous":true,"IsStageControl":false,"Encryption":{"IsEncrypted":false,"TitleUpper":"^","Subtitle":"^","Description":"^","Patch":{"Filename":""},"HoverPopupIcon":{"Filename":""},"DecryptMissionId":"^","DecryptMissionSeed":0}},{"Mission":"^BASIC_SCAN_PLA","Title":"^UI_EXPED_BASIC_SCAN_PLA_NAME","TitleUpper":"^UI_EXPED_BASIC_SCAN_PLA_NAME_U","Description":"^UI_EXPED_BASIC_SCAN_PLA_DESC","DescriptionDone":"^UI_EXPED_BASIC_SCAN_PLA_DESC_D","CantRewardMessage":"^INTRCT_NOROOM_L","IdToUseInMissionData":"^","Amount":12,"StageIndex":0,"MilestoneIndex":0,"RendezvousIndex":-1,"Icon":{"Filename":"TEXTURES\/UI\/FRONTEND\/ICONS\/EXPEDITION\/PATCH.PLANTS.DDS"},"IconGrey":{"Filename":""},"MissionIcon":{"Filename":"textures\/ui\/frontend\/icons\/missions\/expeditionmissions\/mission.treescan.on.dds"},"MissionIconSelected":{"Filename":"textures\/ui\/frontend\/icons\/missions\/expeditionmissions\/mission.treescan.on.dds"},"MissionIconNotSelected":{"Filename":"textures\/ui\/frontend\/icons\/missions\/expeditionmissions\/mission.treescan.off.dds"},"Reward":"^RS_S11_S5M1","RewardSwitchAlt":"^","RewardDescription":"","CantClaimRewardDescription":"","IsOptional":false,"GreyIfCantStart":false,"IsRendezvous":false,"IsStageControl":false,"Encryption":{"IsEncrypted":false,"TitleUpper":"^","Subtitle":"^","Description":"^","Patch":{"Filename":""},"HoverPopupIcon":{"Filename":""},"DecryptMissionId":"^","DecryptMissionSeed":0}},{"Mission":"^W_PLANET_LUSH","Title":"^UI_EXPED_W_PLANET_LUSH_NAME","TitleUpper":"^UI_EXPED_W_PLANET_LUSH_NAME_U","Description":"^UI_EXPED_W_PLANET_LUSH_DESC","DescriptionDone":"^UI_EXPED_W_PLANET_LUSH_DESC_D","CantRewardMessage":"^INTRCT_NOROOM_L","IdToUseInMissionData":"^","Amount":80,"StageIndex":0,"MilestoneIndex":0,"RendezvousIndex":-1,"Icon":{"Filename":"TEXTURES\/UI\/FRONTEND\/ICONS\/EXPEDITION\/PATCH.PLANETTYPES.DDS"},"IconGrey":{"Filename":""},"MissionIcon":{"Filename":"textures\/ui\/frontend\/icons\/missions\/expeditionmissions\/mission.planets.on.dds"},"MissionIconSelected":{"Filename":"textures\/ui\/frontend\/icons\/missions\/expeditionmissions\/mission.planets.on.dds"},"MissionIconNotSelected":{"Filename":"textures\/ui\/frontend\/icons\/missions\/expeditionmissions\/mission.planets.off.dds"},"Reward":"^RS_S11_S5M2","RewardSwitchAlt":"^","RewardDescription":"","CantClaimRewardDescription":"","IsOptional":false,"GreyIfCantStart":false,"IsRendezvous":false,"IsStageControl":false,"Encryption":{"IsEncrypted":false,"TitleUpper":"^","Subtitle":"^","Description":"^","Patch":{"Filename":""},"HoverPopupIcon":{"Filename":""},"DecryptMissionId":"^","DecryptMissionSeed":0}},{"Mission":"^W_CRE_BIG","Title":"^UI_EXPED_W_CRE_BIG_NAME","TitleUpper":"^UI_EXPED_W_CRE_BIG_NAME_U","Description":"^UI_EXPED_W_CRE_BIG_DESC","DescriptionDone":"^UI_EXPED_W_CRE_BIG_DESC_D","CantRewardMessage":"^INTRCT_NOROOM_L","IdToUseInMissionData":"^","Amount":5.199999809265137,"StageIndex":0,"MilestoneIndex":0,"RendezvousIndex":-1,"Icon":{"Filename":"TEXTURES\/UI\/FRONTEND\/ICONS\/EXPEDITION\/PATCH.CREATUREBABY.DDS"},"IconGrey":{"Filename":""},"MissionIcon":{"Filename":"textures\/ui\/frontend\/icons\/missions\/expeditionmissions\/mission.crescan.on.dds"},"MissionIconSelected":{"Filename":"textures\/ui\/frontend\/icons\/missions\/expeditionmissions\/mission.crescan.on.dds"},"MissionIconNotSelected":{"Filename":"textures\/ui\/frontend\/icons\/missions\/expeditionmissions\/mission.crescan.off.dds"},"Reward":"^RS_S11_S5M3","RewardSwitchAlt":"^","RewardDescription":"","CantClaimRewardDescription":"","IsOptional":false,"GreyIfCantStart":false,"IsRendezvous":false,"IsStageControl":false,"Encryption":{"IsEncrypted":false,"TitleUpper":"^","Subtitle":"^","Description":"^","Patch":{"Filename":""},"HoverPopupIcon":{"Filename":""},"DecryptMissionId":"^","DecryptMissionSeed":0}},{"Mission":"^CRE_WEIRD","Title":"^UI_EXPED_CRE_WEIRD_NAME","TitleUpper":"^UI_EXPED_CRE_WEIRD_NAME_U","Description":"^UI_EXPED_CRE_WEIRD_DESC","DescriptionDone":"^UI_EXPED_CRE_WEIRD_DESC_D","CantRewardMessage":"^INTRCT_NOROOM_L","IdToUseInMissionData":"^","Amount":2,"StageIndex":0,"MilestoneIndex":0,"RendezvousIndex":-1,"Icon":{"Filename":"textures\/ui\/frontend\/icons\/expedition\/patch.creatureweird.dds"},"IconGrey":{"Filename":""},"MissionIcon":{"Filename":"textures\/ui\/frontend\/icons\/missions\/expeditionmissions\/mission.crescan.on.dds"},"MissionIconSelected":{"Filename":"textures\/ui\/frontend\/icons\/missions\/expeditionmissions\/mission.crescan.on.dds"},"MissionIconNotSelected":{"Filename":"textures\/ui\/frontend\/icons\/missions\/expeditionmissions\/mission.crescan.off.dds"},"Reward":"^RS_S11_S5M4","RewardSwitchAlt":"^","RewardDescription":"","CantClaimRewardDescription":"","IsOptional":false,"GreyIfCantStart":false,"IsRendezvous":false,"IsStageControl":false,"Encryption":{"IsEncrypted":false,"TitleUpper":"^","Subtitle":"^","Description":"^","Patch":{"Filename":""},"HoverPopupIcon":{"Filename":""},"DecryptMissionId":"^","DecryptMissionSeed":0}},{"Mission":"^GOT_NANITES","Title":"^UI_EXPED11_GOT_NANITES_NAME","TitleUpper":"^UI_EXPED11_GOT_NANITES_NAME_U","Description":"^UI_EXPED_GOT_NANITES_DESC","DescriptionDone":"^UI_EXPED_GOT_NANITES_DESC_D","CantRewardMessage":"^INTRCT_NOROOM_L","IdToUseInMissionData":"^","Amount":7700,"StageIndex":0,"MilestoneIndex":0,"RendezvousIndex":-1,"Icon":{"Filename":"TEXTURES\/UI\/FRONTEND\/ICONS\/EXPEDITION\/SPOOKWORM\/PATCH.SPOOKY.NANITES.DDS"},"IconGrey":{"Filename":""},"MissionIcon":{"Filename":"textures\/ui\/frontend\/icons\/missions\/expeditionmissions\/mission.nanites.on.dds"},"MissionIconSelected":{"Filename":"textures\/ui\/frontend\/icons\/missions\/expeditionmissions\/mission.nanites.on.dds"},"MissionIconNotSelected":{"Filename":"textures\/ui\/frontend\/icons\/missions\/expeditionmissions\/mission.nanites.off.dds"},"Reward":"^RS_S11_S5M5","RewardSwitchAlt":"^","RewardDescription":"","CantClaimRewardDescription":"","IsOptional":false,"GreyIfCantStart":false,"IsRendezvous":false,"IsStageControl":false,"Encryption":{"IsEncrypted":false,"TitleUpper":"^","Subtitle":"^","Description":"^","Patch":{"Filename":""},"HoverPopupIcon":{"Filename":""},"DecryptMissionId":"^","DecryptMissionSeed":0}},{"Mission":"^WORDS_EXP","Title":"^UI_EXPED_WORDS_EXP_NAME","TitleUpper":"^UI_EXPED_WORDS_EXP_NAME_U","Description":"^UI_EXPED_WORDS_EXP_DESC","DescriptionDone":"^UI_EXPED_WORDS_EXP_DESC_D","CantRewardMessage":"^INTRCT_NOROOM_L","IdToUseInMissionData":"^","Amount":5,"StageIndex":0,"MilestoneIndex":0,"RendezvousIndex":-1,"Icon":{"Filename":"TEXTURES\/UI\/FRONTEND\/ICONS\/EXPEDITION\/PATCH.LEARN.2.DDS"},"IconGrey":{"Filename":""},"MissionIcon":{"Filename":"textures\/ui\/frontend\/icons\/missions\/expeditionmissions\/mission.words.on.dds"},"MissionIconSelected":{"Filename":"textures\/ui\/frontend\/icons\/missions\/expeditionmissions\/mission.words.on.dds"},"MissionIconNotSelected":{"Filename":"textures\/ui\/frontend\/icons\/missions\/expeditionmissions\/mission.words.off.dds"},"Reward":"^RS_S11_S5M6","RewardSwitchAlt":"^","RewardDescription":"","CantClaimRewardDescription":"","IsOptional":false,"GreyIfCantStart":false,"IsRendezvous":false,"IsStageControl":false,"Encryption":{"IsEncrypted":false,"TitleUpper":"^","Subtitle":"^","Description":"^","Patch":{"Filename":""},"HoverPopupIcon":{"Filename":""},"DecryptMissionId":"^","DecryptMissionSeed":0}},{"Mission":"^GET_ASTEROIDS","Title":"^UI_EXPED_ASTEROIDS_NAME","TitleUpper":"^UI_EXPED_ASTEROIDS_NAME_U","Description":"^UI_EXPED_ASTEROIDS_DESC","DescriptionDone":"^UI_EXPED_ASTEROIDS_DESC_D","CantRewardMessage":"^INTRCT_NOROOM_L","IdToUseInMissionData":"^","Amount":25,"StageIndex":0,"MilestoneIndex":0,"RendezvousIndex":-1,"Icon":{"Filename":"TEXTURES\/UI\/FRONTEND\/ICONS\/EXPEDITION\/PATCH.SHIPSHOOT.DDS"},"IconGrey":{"Filename":""},"MissionIcon":{"Filename":"TEXTURES\/UI\/FRONTEND\/ICONS\/MISSIONS\/EXPEDITIONMISSIONS\/MISSION.LEAVEPLANET.ON.DDS"},"MissionIconSelected":{"Filename":"TEXTURES\/UI\/FRONTEND\/ICONS\/MISSIONS\/EXPEDITIONMISSIONS\/MISSION.LEAVEPLANET.ON.DDS"},"MissionIconNotSelected":{"Filename":"TEXTURES\/UI\/FRONTEND\/ICONS\/MISSIONS\/EXPEDITIONMISSIONS\/MISSION.LEAVEPLANET.OFF.DDS"},"Reward":"^RS_S11_S5M7","RewardSwitchAlt":"^","RewardDescription":"","CantClaimRewardDescription":"","IsOptional":false,"GreyIfCantStart":false,"IsRendezvous":false,"IsStageControl":false,"Encryption":{"IsEncrypted":false,"TitleUpper":"^","Subtitle":"^","Description":"^","Patch":{"Filename":""},"HoverPopupIcon":{"Filename":""},"DecryptMissionId":"^","DecryptMissionSeed":0}},{"Mission":"^STAGE5","Title":"^UI_EXPED_STAGE5_NAME","TitleUpper":"^UI_EXPED_STAGE5_NAME_U","Description":"^UI_EXPED_STAGE5_DESC","DescriptionDone":"^UI_EXPED_STAGE5_DESC_D","CantRewardMessage":"^INTRCT_NOROOM_L","IdToUseInMissionData":"^","Amount":100,"StageIndex":0,"MilestoneIndex":0,"RendezvousIndex":-1,"Icon":{"Filename":"TEXTURES\/UI\/FRONTEND\/ICONS\/EXPEDITION\/PATCH.NEONMILESTONE.5.DDS"},"IconGrey":{"Filename":"TEXTURES\/UI\/FRONTEND\/ICONS\/EXPEDITION\/PATCH.NEONMILESTONE.5.GREY.DDS"},"MissionIcon":{"Filename":"textures\/ui\/hud\/icons\/missions\/mission.seasonal.dds"},"MissionIconSelected":{"Filename":"textures\/ui\/frontend\/icons\/missions\/mission.seasonal.on.dds"},"MissionIconNotSelected":{"Filename":"textures\/ui\/frontend\/icons\/missions\/mission.seasonal.off.dds"},"Reward":"^RS_S11_PHASE5","RewardSwitchAlt":"^","RewardDescription":"","CantClaimRewardDescription":"","IsOptional":false,"GreyIfCantStart":false,"IsRendezvous":false,"IsStageControl":true,"Encryption":{"IsEncrypted":false,"TitleUpper":"^","Subtitle":"^","Description":"^","Patch":{"Filename":""},"HoverPopupIcon":{"Filename":""},"DecryptMissionId":"^","DecryptMissionSeed":0}}],"Title":"^UI_EXPED_STAGE_TITLE_5","Description":"^UI_EXPED_STAGE_DESC_5"}],"ScanEventTable":{"Events":[{"Name":"^SE_PARTY_PLANET1","ForceInteraction":"^","ForceInteractionType":{"InteractionType":"Monolith"},"RequireInteractionRace":{"AlienRace":"None"},"OverrideInteractionRace":{"AlienRace":"None"},"ForceBroken":false,"ForceFixed":false,"ForceOverridesAll":true,"ForceOverrideEncounter":"^","IsCommunityPortalOverride":false,"ClearForcedInteractionOnCompletion":false,"BuildingPreventionRadius":600,"UseMissionTradingDataOverride":false,"AlwaysShow":false,"NeverShow":false,"ShowOnlyIfSequenceTarget":false,"PlanetLabelText":"^","SurveyDistance":1800,"SurveyDiscoveryOSDMessage":"^UI_MISSIONMARKER_DISC_OSD","EventStartType":"Special","EventEndType":"Interact","EventPriority":"Regular","CanEndFromOutsideMission":false,"DisableMultiplayerSync":true,"BlockStartedOnUseEvents":false,"ReplaceEventIfAlreadyActive":false,"BuildingLocation":"PlanetSearch","BuildingType":"BuildingClass","BuildingClass":{"BuildingClass":"Monolith"},"AllowFriendsBases":false,"ForceWideRandom":false,"MustFindSystem":true,"AllowOverriddenBuildings":true,"TargetMustMatchMissionSeed":false,"SolarSystemLocation":"SeasonParty","SolarSystemAttributes":{"UseStarType":false,"UseWealth":false,"UseTrading":false,"UseRace":{"AlienRace":"None"},"UseAnomaly":{"GalaxyStarAnomaly":"None"},"UseConflict":{"ConflictLevel":"Default"},"StarType":{"GalaxyStarType":"Yellow"},"TradingData":{"WealthClass":{"WealthClass":"Average"},"TradingClass":{"TradingClass":"Mining"}},"AllowUnsafeMatches":false,"NeverAllowEmpty":false,"NeverAllowAbandoned":false,"RequireUndiscovered":false,"NeedsWaterPlanet":false,"NeedsPrimePlanet":true,"NeedsSentinels":false,"NeedsCorruptSentinelPlanet":false,"NeedsExtremeSentinelPlanet":false,"NeverAllowExtremeSentinelPlanet":false,"NeedsExtremeWeatherPlanet":false,"NeedsExtremeHazardPlanet":false,"AnyBiomeNotWeirdOrDead":false,"AnyRGBBiome":false,"AnyInfestedBiome":false,"NeedsBiome":true,"NeedsBiomeType":{"Biome":"Lava"},"UseBiomeSubType":{"BiomeSubType":"None"},"NeedsEmptySystem":false,"NeedsAbandonedSystem":false,"NeedsResourceHint":"^","SuitableForCreatureDiscovery":false,"SuitableForCreatureTaming":false,"SamePlanetAsEvent":"^","SamePlanetAsSeasonParty":0},"SolarSystemAttributesFallback":{"UseStarType":false,"UseWealth":false,"UseTrading":false,"UseRace":{"AlienRace":"None"},"UseAnomaly":{"GalaxyStarAnomaly":"None"},"UseConflict":{"ConflictLevel":"Default"},"StarType":{"GalaxyStarType":"Yellow"},"TradingData":{"WealthClass":{"WealthClass":"Average"},"TradingClass":{"TradingClass":"Mining"}},"AllowUnsafeMatches":false,"NeverAllowEmpty":false,"NeverAllowAbandoned":false,"RequireUndiscovered":false,"NeedsWaterPlanet":false,"NeedsPrimePlanet":false,"NeedsSentinels":false,"NeedsCorruptSentinelPlanet":false,"NeedsExtremeSentinelPlanet":false,"NeverAllowExtremeSentinelPlanet":false,"NeedsExtremeWeatherPlanet":false,"NeedsExtremeHazardPlanet":false,"AnyBiomeNotWeirdOrDead":false,"AnyRGBBiome":false,"AnyInfestedBiome":false,"NeedsBiome":false,"NeedsBiomeType":{"Biome":"Lush"},"UseBiomeSubType":{"BiomeSubType":"None"},"NeedsEmptySystem":false,"NeedsAbandonedSystem":false,"NeedsResourceHint":"^","SuitableForCreatureDiscovery":false,"SuitableForCreatureTaming":false,"SamePlanetAsEvent":"^","SamePlanetAsSeasonParty":0},"ForceRestartInteraction":true,"HasReward":"^","NextOption":"^","TriggerActions":{"Range":100,"Triggers":[],"AllowRetrigger":false},"UAsList":[],"TechShopType":{"TechnologyCategory":"All"},"OSDMessage":"","InterstellarOSDMessage":"","MarkerLabel":"UI_EXPED_PARTY_PLANET1_NAME","MarkerIcon":{"Filename":"textures\/ui\/hud\/icons\/missions\/mission.seasonal.dds"},"MissionMarkerHighlightStyleOverride":{"ScannerIconHighlightType":"Diamond"},"StartTime":0,"MessageTime":0,"MessageDisplayTime":4,"MessageAudio":{"AkEvent":"INVALID_EVENT"},"IconTime":4,"TooltipTime":10,"TooltipRepeats":false,"ShowEndTooltip":true,"TooltipMessage":"","ResourceOverride":{"Filename":"","Seed":[false,"0x0"],"AltId":"","ProceduralTexture":{"Samplers":[]}}},{"Name":"^SE_PARTY_PLANET2","ForceInteraction":"^","ForceInteractionType":{"InteractionType":"LibraryMainTerminal"},"RequireInteractionRace":{"AlienRace":"None"},"OverrideInteractionRace":{"AlienRace":"None"},"ForceBroken":false,"ForceFixed":false,"ForceOverridesAll":true,"ForceOverrideEncounter":"^","IsCommunityPortalOverride":false,"ClearForcedInteractionOnCompletion":false,"BuildingPreventionRadius":600,"UseMissionTradingDataOverride":false,"AlwaysShow":false,"NeverShow":false,"ShowOnlyIfSequenceTarget":false,"PlanetLabelText":"^","SurveyDistance":1800,"SurveyDiscoveryOSDMessage":"^UI_MISSIONMARKER_DISC_OSD","EventStartType":"Special","EventEndType":"Interact","EventPriority":"Regular","CanEndFromOutsideMission":false,"DisableMultiplayerSync":true,"BlockStartedOnUseEvents":false,"ReplaceEventIfAlreadyActive":false,"BuildingLocation":"PlanetSearch","BuildingType":"BuildingClass","BuildingClass":{"BuildingClass":"LargeBuilding"},"AllowFriendsBases":false,"ForceWideRandom":false,"MustFindSystem":true,"AllowOverriddenBuildings":true,"TargetMustMatchMissionSeed":false,"SolarSystemLocation":"SeasonParty","SolarSystemAttributes":{"UseStarType":false,"UseWealth":false,"UseTrading":false,"UseRace":{"AlienRace":"None"},"UseAnomaly":{"GalaxyStarAnomaly":"None"},"UseConflict":{"ConflictLevel":"Default"},"StarType":{"GalaxyStarType":"Yellow"},"TradingData":{"WealthClass":{"WealthClass":"Average"},"TradingClass":{"TradingClass":"Mining"}},"AllowUnsafeMatches":false,"NeverAllowEmpty":false,"NeverAllowAbandoned":false,"RequireUndiscovered":false,"NeedsWaterPlanet":false,"NeedsPrimePlanet":true,"NeedsSentinels":false,"NeedsCorruptSentinelPlanet":false,"NeedsExtremeSentinelPlanet":false,"NeverAllowExtremeSentinelPlanet":false,"NeedsExtremeWeatherPlanet":true,"NeedsExtremeHazardPlanet":false,"AnyBiomeNotWeirdOrDead":false,"AnyRGBBiome":false,"AnyInfestedBiome":false,"NeedsBiome":true,"NeedsBiomeType":{"Biome":"Toxic"},"UseBiomeSubType":{"BiomeSubType":"Variant_A"},"NeedsEmptySystem":false,"NeedsAbandonedSystem":false,"NeedsResourceHint":"^","SuitableForCreatureDiscovery":false,"SuitableForCreatureTaming":false,"SamePlanetAsEvent":"^","SamePlanetAsSeasonParty":0},"SolarSystemAttributesFallback":{"UseStarType":false,"UseWealth":false,"UseTrading":false,"UseRace":{"AlienRace":"None"},"UseAnomaly":{"GalaxyStarAnomaly":"None"},"UseConflict":{"ConflictLevel":"Default"},"StarType":{"GalaxyStarType":"Yellow"},"TradingData":{"WealthClass":{"WealthClass":"Average"},"TradingClass":{"TradingClass":"Mining"}},"AllowUnsafeMatches":false,"NeverAllowEmpty":false,"NeverAllowAbandoned":false,"RequireUndiscovered":false,"NeedsWaterPlanet":false,"NeedsPrimePlanet":false,"NeedsSentinels":false,"NeedsCorruptSentinelPlanet":false,"NeedsExtremeSentinelPlanet":false,"NeverAllowExtremeSentinelPlanet":false,"NeedsExtremeWeatherPlanet":false,"NeedsExtremeHazardPlanet":false,"AnyBiomeNotWeirdOrDead":false,"AnyRGBBiome":false,"AnyInfestedBiome":false,"NeedsBiome":false,"NeedsBiomeType":{"Biome":"Lush"},"UseBiomeSubType":{"BiomeSubType":"None"},"NeedsEmptySystem":false,"NeedsAbandonedSystem":false,"NeedsResourceHint":"^","SuitableForCreatureDiscovery":false,"SuitableForCreatureTaming":false,"SamePlanetAsEvent":"^","SamePlanetAsSeasonParty":0},"ForceRestartInteraction":true,"HasReward":"^","NextOption":"^","TriggerActions":{"Range":100,"Triggers":[],"AllowRetrigger":false},"UAsList":[],"TechShopType":{"TechnologyCategory":"All"},"OSDMessage":"","InterstellarOSDMessage":"","MarkerLabel":"UI_EXPED_PARTY_PLANET2_NAME","MarkerIcon":{"Filename":"textures\/ui\/hud\/icons\/missions\/mission.seasonal.dds"},"MissionMarkerHighlightStyleOverride":{"ScannerIconHighlightType":"Diamond"},"StartTime":0,"MessageTime":0,"MessageDisplayTime":4,"MessageAudio":{"AkEvent":"INVALID_EVENT"},"IconTime":4,"TooltipTime":10,"TooltipRepeats":false,"ShowEndTooltip":true,"TooltipMessage":"","ResourceOverride":{"Filename":"","Seed":[false,"0x0"],"AltId":"","ProceduralTexture":{"Samplers":[]}}},{"Name":"^SE_PARTY_PLANET3","ForceInteraction":"^","ForceInteractionType":{"InteractionType":"Portal"},"RequireInteractionRace":{"AlienRace":"None"},"OverrideInteractionRace":{"AlienRace":"None"},"ForceBroken":false,"ForceFixed":false,"ForceOverridesAll":true,"ForceOverrideEncounter":"^","IsCommunityPortalOverride":false,"ClearForcedInteractionOnCompletion":false,"BuildingPreventionRadius":600,"UseMissionTradingDataOverride":false,"AlwaysShow":false,"NeverShow":false,"ShowOnlyIfSequenceTarget":false,"PlanetLabelText":"^","SurveyDistance":300,"SurveyDiscoveryOSDMessage":"^UI_MISSIONMARKER_DISC_OSD","EventStartType":"Special","EventEndType":"Interact","EventPriority":"Regular","CanEndFromOutsideMission":false,"DisableMultiplayerSync":true,"BlockStartedOnUseEvents":false,"ReplaceEventIfAlreadyActive":false,"BuildingLocation":"PlanetSearch","BuildingType":"BuildingClass","BuildingClass":{"BuildingClass":"Portal"},"AllowFriendsBases":false,"ForceWideRandom":false,"MustFindSystem":true,"AllowOverriddenBuildings":true,"TargetMustMatchMissionSeed":false,"SolarSystemLocation":"SeasonParty","SolarSystemAttributes":{"UseStarType":false,"UseWealth":false,"UseTrading":false,"UseRace":{"AlienRace":"None"},"UseAnomaly":{"GalaxyStarAnomaly":"None"},"UseConflict":{"ConflictLevel":"Default"},"StarType":{"GalaxyStarType":"Yellow"},"TradingData":{"WealthClass":{"WealthClass":"Average"},"TradingClass":{"TradingClass":"Mining"}},"AllowUnsafeMatches":false,"NeverAllowEmpty":false,"NeverAllowAbandoned":false,"RequireUndiscovered":false,"NeedsWaterPlanet":false,"NeedsPrimePlanet":true,"NeedsSentinels":false,"NeedsCorruptSentinelPlanet":false,"NeedsExtremeSentinelPlanet":false,"NeverAllowExtremeSentinelPlanet":false,"NeedsExtremeWeatherPlanet":false,"NeedsExtremeHazardPlanet":false,"AnyBiomeNotWeirdOrDead":false,"AnyRGBBiome":false,"AnyInfestedBiome":false,"NeedsBiome":true,"NeedsBiomeType":{"Biome":"Lush"},"UseBiomeSubType":{"BiomeSubType":"Variant_A"},"NeedsEmptySystem":false,"NeedsAbandonedSystem":false,"NeedsResourceHint":"^","SuitableForCreatureDiscovery":false,"SuitableForCreatureTaming":false,"SamePlanetAsEvent":"^","SamePlanetAsSeasonParty":0},"SolarSystemAttributesFallback":{"UseStarType":false,"UseWealth":false,"UseTrading":false,"UseRace":{"AlienRace":"None"},"UseAnomaly":{"GalaxyStarAnomaly":"None"},"UseConflict":{"ConflictLevel":"Default"},"StarType":{"GalaxyStarType":"Yellow"},"TradingData":{"WealthClass":{"WealthClass":"Average"},"TradingClass":{"TradingClass":"Mining"}},"AllowUnsafeMatches":false,"NeverAllowEmpty":false,"NeverAllowAbandoned":false,"RequireUndiscovered":false,"NeedsWaterPlanet":false,"NeedsPrimePlanet":false,"NeedsSentinels":false,"NeedsCorruptSentinelPlanet":false,"NeedsExtremeSentinelPlanet":false,"NeverAllowExtremeSentinelPlanet":false,"NeedsExtremeWeatherPlanet":false,"NeedsExtremeHazardPlanet":false,"AnyBiomeNotWeirdOrDead":false,"AnyRGBBiome":false,"AnyInfestedBiome":false,"NeedsBiome":false,"NeedsBiomeType":{"Biome":"Lush"},"UseBiomeSubType":{"BiomeSubType":"None"},"NeedsEmptySystem":false,"NeedsAbandonedSystem":false,"NeedsResourceHint":"^","SuitableForCreatureDiscovery":false,"SuitableForCreatureTaming":false,"SamePlanetAsEvent":"^","SamePlanetAsSeasonParty":0},"ForceRestartInteraction":true,"HasReward":"^","NextOption":"^","TriggerActions":{"Range":100,"Triggers":[],"AllowRetrigger":false},"UAsList":[],"TechShopType":{"TechnologyCategory":"All"},"OSDMessage":"","InterstellarOSDMessage":"","MarkerLabel":"UI_EXPED_PARTY_PLANET3_NAME","MarkerIcon":{"Filename":"textures\/ui\/hud\/icons\/missions\/mission.seasonal.dds"},"MissionMarkerHighlightStyleOverride":{"ScannerIconHighlightType":"Diamond"},"StartTime":0,"MessageTime":0,"MessageDisplayTime":4,"MessageAudio":{"AkEvent":"INVALID_EVENT"},"IconTime":4,"TooltipTime":10,"TooltipRepeats":false,"ShowEndTooltip":true,"TooltipMessage":"","ResourceOverride":{"Filename":"","Seed":[false,"0x0"],"AltId":"","ProceduralTexture":{"Samplers":[]}}},{"Name":"^SE_PARTY_PLANET4","ForceInteraction":"^","ForceInteractionType":{"InteractionType":"Plaque"},"RequireInteractionRace":{"AlienRace":"None"},"OverrideInteractionRace":{"AlienRace":"None"},"ForceBroken":false,"ForceFixed":false,"ForceOverridesAll":true,"ForceOverrideEncounter":"^","IsCommunityPortalOverride":false,"ClearForcedInteractionOnCompletion":false,"BuildingPreventionRadius":600,"UseMissionTradingDataOverride":false,"AlwaysShow":false,"NeverShow":false,"ShowOnlyIfSequenceTarget":false,"PlanetLabelText":"^","SurveyDistance":1800,"SurveyDiscoveryOSDMessage":"^UI_MISSIONMARKER_DISC_OSD","EventStartType":"Special","EventEndType":"Interact","EventPriority":"Regular","CanEndFromOutsideMission":false,"DisableMultiplayerSync":true,"BlockStartedOnUseEvents":false,"ReplaceEventIfAlreadyActive":false,"BuildingLocation":"PlanetSearch","BuildingType":"BuildingClass","BuildingClass":{"BuildingClass":"WaterTreasureRuins"},"AllowFriendsBases":false,"ForceWideRandom":false,"MustFindSystem":true,"AllowOverriddenBuildings":true,"TargetMustMatchMissionSeed":false,"SolarSystemLocation":"SeasonParty","SolarSystemAttributes":{"UseStarType":false,"UseWealth":false,"UseTrading":false,"UseRace":{"AlienRace":"None"},"UseAnomaly":{"GalaxyStarAnomaly":"None"},"UseConflict":{"ConflictLevel":"Default"},"StarType":{"GalaxyStarType":"Yellow"},"TradingData":{"WealthClass":{"WealthClass":"Average"},"TradingClass":{"TradingClass":"Mining"}},"AllowUnsafeMatches":true,"NeverAllowEmpty":false,"NeverAllowAbandoned":false,"RequireUndiscovered":false,"NeedsWaterPlanet":true,"NeedsPrimePlanet":false,"NeedsSentinels":false,"NeedsCorruptSentinelPlanet":false,"NeedsExtremeSentinelPlanet":false,"NeverAllowExtremeSentinelPlanet":false,"NeedsExtremeWeatherPlanet":false,"NeedsExtremeHazardPlanet":false,"AnyBiomeNotWeirdOrDead":false,"AnyRGBBiome":false,"AnyInfestedBiome":false,"NeedsBiome":true,"NeedsBiomeType":{"Biome":"Blue"},"UseBiomeSubType":{"BiomeSubType":"None"},"NeedsEmptySystem":false,"NeedsAbandonedSystem":false,"NeedsResourceHint":"^","SuitableForCreatureDiscovery":false,"SuitableForCreatureTaming":false,"SamePlanetAsEvent":"^","SamePlanetAsSeasonParty":0},"SolarSystemAttributesFallback":{"UseStarType":false,"UseWealth":false,"UseTrading":false,"UseRace":{"AlienRace":"None"},"UseAnomaly":{"GalaxyStarAnomaly":"None"},"UseConflict":{"ConflictLevel":"Default"},"StarType":{"GalaxyStarType":"Yellow"},"TradingData":{"WealthClass":{"WealthClass":"Average"},"TradingClass":{"TradingClass":"Mining"}},"AllowUnsafeMatches":false,"NeverAllowEmpty":false,"NeverAllowAbandoned":false,"RequireUndiscovered":false,"NeedsWaterPlanet":false,"NeedsPrimePlanet":false,"NeedsSentinels":false,"NeedsCorruptSentinelPlanet":false,"NeedsExtremeSentinelPlanet":false,"NeverAllowExtremeSentinelPlanet":false,"NeedsExtremeWeatherPlanet":false,"NeedsExtremeHazardPlanet":false,"AnyBiomeNotWeirdOrDead":false,"AnyRGBBiome":false,"AnyInfestedBiome":false,"NeedsBiome":false,"NeedsBiomeType":{"Biome":"Lush"},"UseBiomeSubType":{"BiomeSubType":"None"},"NeedsEmptySystem":false,"NeedsAbandonedSystem":false,"NeedsResourceHint":"^","SuitableForCreatureDiscovery":false,"SuitableForCreatureTaming":false,"SamePlanetAsEvent":"^","SamePlanetAsSeasonParty":0},"ForceRestartInteraction":true,"HasReward":"^","NextOption":"^","TriggerActions":{"Range":100,"Triggers":[],"AllowRetrigger":false},"UAsList":[],"TechShopType":{"TechnologyCategory":"All"},"OSDMessage":"","InterstellarOSDMessage":"","MarkerLabel":"UI_EXPED_PARTY_PLANET4_NAME","MarkerIcon":{"Filename":"textures\/ui\/hud\/icons\/missions\/mission.seasonal.dds"},"MissionMarkerHighlightStyleOverride":{"ScannerIconHighlightType":"Diamond"},"StartTime":0,"MessageTime":0,"MessageDisplayTime":4,"MessageAudio":{"AkEvent":"INVALID_EVENT"},"IconTime":4,"TooltipTime":10,"TooltipRepeats":false,"ShowEndTooltip":true,"TooltipMessage":"","ResourceOverride":{"Filename":"","Seed":[false,"0x0"],"AltId":"","ProceduralTexture":{"Samplers":[]}}},{"Name":"^SE_PARTY_PLANET5","ForceInteraction":"^","ForceInteractionType":{"InteractionType":"GlitchyStoryBox"},"RequireInteractionRace":{"AlienRace":"None"},"OverrideInteractionRace":{"AlienRace":"None"},"ForceBroken":false,"ForceFixed":false,"ForceOverridesAll":true,"ForceOverrideEncounter":"^","IsCommunityPortalOverride":false,"ClearForcedInteractionOnCompletion":false,"BuildingPreventionRadius":600,"UseMissionTradingDataOverride":false,"AlwaysShow":false,"NeverShow":false,"ShowOnlyIfSequenceTarget":false,"PlanetLabelText":"^","SurveyDistance":1800,"SurveyDiscoveryOSDMessage":"^UI_MISSIONMARKER_DISC_OSD","EventStartType":"Special","EventEndType":"Interact","EventPriority":"Regular","CanEndFromOutsideMission":false,"DisableMultiplayerSync":true,"BlockStartedOnUseEvents":false,"ReplaceEventIfAlreadyActive":false,"BuildingLocation":"PlanetSearch","BuildingType":"BuildingClass","BuildingClass":{"BuildingClass":"StoryGlitch"},"AllowFriendsBases":false,"ForceWideRandom":false,"MustFindSystem":true,"AllowOverriddenBuildings":true,"TargetMustMatchMissionSeed":false,"SolarSystemLocation":"SeasonParty","SolarSystemAttributes":{"UseStarType":false,"UseWealth":false,"UseTrading":false,"UseRace":{"AlienRace":"None"},"UseAnomaly":{"GalaxyStarAnomaly":"None"},"UseConflict":{"ConflictLevel":"Default"},"StarType":{"GalaxyStarType":"Yellow"},"TradingData":{"WealthClass":{"WealthClass":"Average"},"TradingClass":{"TradingClass":"Mining"}},"AllowUnsafeMatches":false,"NeverAllowEmpty":false,"NeverAllowAbandoned":false,"RequireUndiscovered":false,"NeedsWaterPlanet":false,"NeedsPrimePlanet":false,"NeedsSentinels":false,"NeedsCorruptSentinelPlanet":false,"NeedsExtremeSentinelPlanet":false,"NeverAllowExtremeSentinelPlanet":false,"NeedsExtremeWeatherPlanet":false,"NeedsExtremeHazardPlanet":false,"AnyBiomeNotWeirdOrDead":false,"AnyRGBBiome":false,"AnyInfestedBiome":false,"NeedsBiome":true,"NeedsBiomeType":{"Biome":"Weird"},"UseBiomeSubType":{"BiomeSubType":"HydroGarden"},"NeedsEmptySystem":false,"NeedsAbandonedSystem":false,"NeedsResourceHint":"^","SuitableForCreatureDiscovery":false,"SuitableForCreatureTaming":false,"SamePlanetAsEvent":"^","SamePlanetAsSeasonParty":0},"SolarSystemAttributesFallback":{"UseStarType":false,"UseWealth":false,"UseTrading":false,"UseRace":{"AlienRace":"None"},"UseAnomaly":{"GalaxyStarAnomaly":"None"},"UseConflict":{"ConflictLevel":"Default"},"StarType":{"GalaxyStarType":"Yellow"},"TradingData":{"WealthClass":{"WealthClass":"Average"},"TradingClass":{"TradingClass":"Mining"}},"AllowUnsafeMatches":false,"NeverAllowEmpty":false,"NeverAllowAbandoned":false,"RequireUndiscovered":false,"NeedsWaterPlanet":false,"NeedsPrimePlanet":false,"NeedsSentinels":false,"NeedsCorruptSentinelPlanet":false,"NeedsExtremeSentinelPlanet":false,"NeverAllowExtremeSentinelPlanet":false,"NeedsExtremeWeatherPlanet":false,"NeedsExtremeHazardPlanet":false,"AnyBiomeNotWeirdOrDead":false,"AnyRGBBiome":false,"AnyInfestedBiome":false,"NeedsBiome":false,"NeedsBiomeType":{"Biome":"Lush"},"UseBiomeSubType":{"BiomeSubType":"None"},"NeedsEmptySystem":false,"NeedsAbandonedSystem":false,"NeedsResourceHint":"^","SuitableForCreatureDiscovery":false,"SuitableForCreatureTaming":false,"SamePlanetAsEvent":"^","SamePlanetAsSeasonParty":0},"ForceRestartInteraction":true,"HasReward":"^","NextOption":"^","TriggerActions":{"Range":100,"Triggers":[],"AllowRetrigger":false},"UAsList":[],"TechShopType":{"TechnologyCategory":"All"},"OSDMessage":"","InterstellarOSDMessage":"","MarkerLabel":"UI_EXPED_PARTY_PLANET5_NAME","MarkerIcon":{"Filename":"textures\/ui\/hud\/icons\/missions\/mission.seasonal.dds"},"MissionMarkerHighlightStyleOverride":{"ScannerIconHighlightType":"Diamond"},"StartTime":0,"MessageTime":0,"MessageDisplayTime":4,"MessageAudio":{"AkEvent":"INVALID_EVENT"},"IconTime":4,"TooltipTime":10,"TooltipRepeats":false,"ShowEndTooltip":true,"TooltipMessage":"","ResourceOverride":{"Filename":"","Seed":[false,"0x0"],"AltId":"","ProceduralTexture":{"Samplers":[]}}}]},"ResetSaveOnDeath":false,"StatsToPersistOnReset":[],"CompatibleWithState":true,"HasBeenConverted":false,"TechnologyTable":[],"ProductTable":[],"SubstanceTable":[],"SeasonalUAStationTradeData":{"AlwaysPresentProducts":[],"AlwaysPresentSubstances":[],"OptionalProducts":[],"OptionalSubstances":[],"MinItemsForSale":5,"MaxItemsForSale":15,"PercentageOfItemsAreProducts":0.30000001192092896,"BuyPriceIncreaseRedThreshold":20,"BuyPriceDecreaseGreenThreshold":-10,"SellPriceIncreaseGreenThreshold":10,"SellPriceDecreaseRedThreshold":-20,"ShowSeasonRewards":false,"MinAmountOfProductAvailable":[10,10,10,10],"MaxAmountOfProductAvailable":[100,100,100,100],"MinAmountOfSubstanceAvailable":[100,100,100,100],"MaxAmountOfSubstanceAvailable":[1000,1000,1000,1000],"MinExtraSystemProducts":[2,2,2,2],"MaxExtraSystemProducts":[4,4,4,4],"TradeProductsPriceImprovements":[0,0,0,0]},"UseSeasonalUAStationTradeData":false}